id,age,ethnicity,risk-gen,risk-gen2,prev-con,apd,cogdist,associates,family,substance,ete,housing,prosocial,lie,prog-type,completed,pre-prob,post-prob,pre-selfreg,post-selfreg,pre-cog,post-cog,pre-scap,post-scap,got-it,recon,sample
1,18,A1,High,High,Yes,5,6,2,6,2,6,8,5,2,izon,Yes,11.27506026,18.61337045,12.47228413,14.65747463,10.94038443,11.62554551,11.40690423,19.34708158,Yes,Yes,Yes
2,20,W1,Medium,Medium,No,2,2,2,1,0,6,2,4,25,None,NA,,,,,,,,,,No,Yes
3,23,W2,High,High,No,5,5,4,6,3,5,5,5,8,None,NA,,,,,,,,,,Yes,Yes
4,23,W1,High,High,Yes,6,4,3,5,5,7,8,5,23,izon,Yes,11.81275382,16.72138956,11.94797237,16.81446823,12.07371416,11.53345065,12.13791225,19.40216186,No,Yes,Yes
5,21,L2,High,High,Yes,6,5,4,4,5,7,6,5,32,izon,Yes,10.26561277,19.30854102,11.7859248,16.13473662,12.19672474,13.05308775,11.83557082,18.68777617,Yes,No,Yes
6,18,A1,High,High,Yes,5,6,4,4,4,7,7,4,29,None,NA,,,,,,,,,,Yes,Yes
7,24,W1,High,High,Yes,6,5,4,3,2,8,8,5,17,izon,Yes,11.08987926,18.06995541,13.74875044,15.12733363,10.56471811,10.47745059,12.72408568,17.25792113,Yes,Yes,Yes
8,23,A2,Vhigh,Vhigh,Yes,7,10,6,5,9,5,5,7,35,None,NA,,,,,,,,,,Yes,Yes
9,23,E1,Medium,Medium,No,3,3,5,3,3,4,3,1,6,izon,Yes,11.86610658,16.8431009,13.63904227,14.79832622,11.37221709,12.5323457,11.0381114,20.26094591,No,No,Yes
10,22,A1,Medium,Medium,No,4,3,2,4,3,2,4,3,30,None,NA,,,,,,,,,,Yes,Yes
11,23,B1,Medium,Medium,No,2,3,4,2,1,5,4,3,28,izon,Yes,11.49244163,18.34471796,11.75784518,13.47390939,14.16502649,11.12514551,11.54378624,20.18293662,Yes,No,Yes
12,24,W1,High,High,Yes,6,6,4,4,4,7,7,5,10,None,NA,,,,,,,,,,Yes,Yes
13,19,A1,Medium,Medium,No,4,5,3,4,2,4,4,2,10,None,NA,,,,,,,,,,No,Yes
14,22,A1,High,High,No,6,5,4,4,3,6,7,6,34,None,NA,,,,,,,,,,Yes,Yes
15,20,W1,Medium,Medium,No,3,2,3,3,3,3,3,2,16,None,NA,,,,,,,,,,Yes,Yes
16,22,L1,Medium,Medium,No,4,2,3,4,3,4,3,3,11,izon,No,12.75264638,,11.59743523,,8.694922426,,9.696106001,,,No,Yes
17,18,W1,Medium,Medium,No,3,3,3,1,0,5,4,2,8,None,NA,,,,,,,,,,Yes,Yes
18,22,E1,High,High,No,5,6,5,5,5,6,7,7,5,izon,Yes,10.86686475,19.32165285,12.06614906,16.13288102,12.35316943,15.51521921,13.3121606,20.31762339,Yes,No,Yes
19,24,W1,Medium,Medium,No,3,2,4,4,3,6,4,2,12,None,NA,,,,,,,,,,Yes,Yes
20,19,A1,Medium,Medium,No,3,3,2,3,2,4,3,4,27,None,NA,,,,,,,,,,Yes,Yes
21,22,E1,High,High,Yes,6,5,5,4,5,7,5,5,32,None,NA,,,,,,,,,,Yes,Yes
22,18,L2,Medium,Medium,No,3,3,2,2,1,4,5,2,2,None,NA,,,,,,,,,,No,Yes
23,18,L2,High,High,No,5,5,4,4,4,6,6,5,9,izon,Yes,12.2343904,17.83898977,10.36837238,13.51851405,13.14042179,12.20809061,12.3914295,18.15642929,No,Yes,Yes
24,20,W2,Low,Medium,Yes,1,1,2,1,1,2,2,2,26,izon,Yes,13.4729733,18.30878102,12.14178731,15.24908005,11.63491807,12.16593131,11.99211655,20.30134529,Yes,No,Yes
25,20,L2,Medium,Medium,No,3,3,2,5,2,4,4,5,5,None,NA,,,,,,,,,,Yes,Yes
26,22,W1,High,High,Yes,6,5,5,5,5,6,8,4,6,None,NA,,,,,,,,,,Yes,Yes
27,20,W2,Medium,Medium,No,1,2,3,4,3,6,4,3,6,None,NA,,,,,,,,,,No,Yes
28,22,A1,Medium,Medium,No,3,2,3,3,1,4,3,1,30,None,NA,,,,,,,,,,Yes,Yes
29,22,L1,Vhigh,High,Yes,8,8,5,5,8,7,7,5,24,None,NA,,,,,,,,,,Yes,Yes
30,21,E1,Medium,Medium,No,3,4,4,2,2,4,5,2,46,None,NA,,,,,,,,,,Yes,Yes
31,24,W1,High,High,Yes,5,4,3,3,5,7,6,4,22,None,NA,,,,,,,,,,Yes,Yes
32,19,W1,Medium,Medium,Yes,6,6,3,3,4,4,4,4,18,None,NA,,,,,,,,,,Yes,Yes
33,22,W1,Vhigh,Vhigh,Yes,8,7,2,5,7,6,6,5,45,izon,Yes,9.650154056,18.51268843,11.65826046,15.14859298,13.86382575,13.04281562,10.96360289,20.22842256,Yes,No,Yes
34,18,W1,Medium,Medium,No,3,0,4,4,3,4,6,3,14,izon,Yes,11.29838,17.95238855,12.55912997,14.42904352,11.23849873,13.88914893,12.07913449,20.46191892,Yes,No,Yes
35,20,W1,High,High,Yes,6,5,5,3,5,5,7,6,35,None,NA,,,,,,,,,,Yes,Yes
36,19,L1,Medium,Medium,No,2,3,2,5,1,4,6,3,22,izon,Yes,12.43492944,17.62052727,13.13885421,14.38237217,10.91099887,11.45884764,13.25575776,21.69066019,Yes,Yes,Yes
37,25,L1,High,High,Yes,6,4,4,3,3,6,7,6,32,izon,Yes,12.08596594,19.31368697,11.22846769,15.97931216,13.35247239,11.95318344,10.9919827,18.67930058,Yes,Yes,Yes
38,20,L2,Medium,Low,No,4,3,2,3,1,4,4,2,17,izon,Yes,10.9596275,17.2141078,11.40971087,15.58780131,11.8542201,9.744362827,12.76158258,21.25206085,Yes,No,Yes
39,18,W1,Vhigh,Vhigh,Yes,9,7,5,7,7,6,4,7,44,izon,Yes,10.75206619,16.69100612,11.89672159,15.40438618,13.38818023,11.28406514,11.94343482,21.1767162,No,No,Yes
40,18,W1,High,High,No,5,7,3,5,3,7,6,5,14,izon,Yes,11.24896597,18.67020501,12.18764676,14.16571026,12.61717268,12.68586318,12.54457968,20.40770112,Yes,No,Yes
41,24,W1,Medium,Medium,No,2,4,3,3,2,5,5,2,10,None,NA,,,,,,,,,,No,Yes
42,18,W1,Vhigh,Vhigh,Yes,5,7,4,4,8,5,7,6,23,None,NA,,,,,,,,,,Yes,Yes
43,23,B1,Low,Low,No,2,1,1,1,1,2,2,1,35,None,NA,,,,,,,,,,Yes,Yes
44,24,W1,Vhigh,Vhigh,Yes,8,10,6,6,7,5,6,6,38,None,NA,,,,,,,,,,Yes,Yes
45,23,A2,High,High,Yes,7,6,4,4,5,6,6,6,38,izon,No,9.982428651,,12.83547041,,10.68764307,,7.759430588,,,No,Yes
46,20,A1,Low,Low,No,1,1,0,2,1,2,2,1,14,None,NA,,,,,,,,,,Yes,Yes
47,18,B2,Medium,Medium,No,2,3,4,3,2,3,4,4,20,izon,Yes,10.20108104,17.2442719,12.72929332,13.85639134,12.27129518,11.87521905,11.62150281,20.34030225,Yes,Yes,Yes
48,21,B1,High,High,Yes,5,5,4,6,2,5,7,1,29,izon,Yes,11.01670965,17.72482391,9.860432495,13.79376216,12.33933264,13.94683191,11.95579171,19.73000651,Yes,No,Yes
49,22,A1,High,High,Yes,7,3,4,3,5,5,8,6,39,izon,Yes,11.60348055,18.60025071,9.916746617,16.1590642,13.11953442,11.51460825,11.89805776,21.05472707,Yes,No,Yes
50,20,E2,Medium,Medium,No,2,3,2,3,2,3,4,3,1,izon,Yes,13.0578691,16.70300648,11.99220096,14.97688598,13.03399428,12.79554242,13.66304814,20.32772942,No,Yes,Yes
51,25,E1,Medium,Medium,No,5,2,2,3,2,3,2,2,24,None,NA,,,,,,,,,,Yes,Yes
52,18,B1,Vhigh,Vhigh,Yes,10,8,6,5,5,6,6,6,47,izon,Yes,11.35597638,17.23265695,12.33961649,15.44423502,11.894244,11.77626819,11.81777619,19.49445852,Yes,No,Yes
53,20,B1,Vhigh,Vhigh,No,10,6,5,7,7,6,6,8,36,izon,No,12.71128733,,14.28888689,,10.11657531,,8.519808603,,,Yes,Yes
54,18,E2,Medium,Medium,No,5,2,2,5,2,4,5,3,22,izon,Yes,12.44617292,18.35335068,10.19613397,16.02565547,11.22799667,11.6153373,12.63904042,20.30533577,Yes,Yes,Yes
55,19,B2,High,High,Yes,6,5,4,5,4,8,9,5,32,izon,Yes,11.34922203,17.19368165,14.7505582,14.51895993,11.23124171,11.15328609,13.59621358,21.69081857,Yes,No,Yes
56,20,A2,High,High,Yes,6,6,5,4,4,5,8,5,17,izon,No,12.09765974,,13.27185203,,7.71217915,,7.895556199,,,Yes,Yes
57,24,E1,High,High,Yes,5,3,4,5,4,7,7,6,4,izon,Yes,12.86670533,18.15517659,10.57494241,16.03315757,11.13522182,12.97271252,9.691068377,20.54506325,No,Yes,Yes
58,20,B1,Medium,Medium,No,1,4,4,6,2,3,4,2,29,None,NA,,,,,,,,,,Yes,Yes
59,22,W1,Medium,Medium,No,3,3,1,3,2,4,3,2,6,izon,Yes,10.99098344,18.63255624,12.51466828,15.35807504,12.89850253,12.00053633,10.48666085,18.99153711,Yes,No,Yes
60,24,A1,High,High,Yes,6,4,4,5,4,7,6,5,10,izon,Yes,10.25390352,17.42722741,13.08560273,14.39737915,13.09605757,10.36675678,11.86570049,21.96756531,Yes,Yes,Yes
61,25,W1,Medium,Medium,Yes,4,5,4,5,2,3,6,4,21,izon,Yes,11.2046145,17.53719812,12.21509702,15.17534902,11.65123888,12.4019813,12.43016267,18.79071111,Yes,No,Yes
62,19,L2,High,High,Yes,5,5,4,3,3,5,6,5,15,izon,Yes,11.00473873,18.71222908,11.41543082,15.09693505,12.63556501,13.31116673,12.07964258,18.48516113,Yes,No,Yes
63,20,W1,Medium,Medium,No,3,3,3,2,2,4,4,2,31,None,NA,,,,,,,,,,Yes,Yes
64,23,W1,Medium,Medium,No,4,2,5,3,1,5,3,3,16,None,NA,,,,,,,,,,Yes,Yes
65,21,A1,High,High,Yes,6,6,4,5,5,5,6,3,6,None,NA,,,,,,,,,,Yes,Yes
66,22,W1,Medium,Medium,No,4,6,2,4,2,2,5,5,7,izon,No,12.8654946,,13.27433617,,8.451466252,,8.667549563,,,Yes,Yes
67,20,A1,Medium,High,No,3,4,2,4,2,3,3,3,3,izon,Yes,13.07547362,18.12781333,11.0778055,14.92155202,12.94350246,11.51024759,11.44789983,19.90271665,Yes,No,Yes
68,20,B1,High,High,Yes,6,5,4,5,2,7,7,4,16,izon,No,11.93075952,,10.18456461,,7.439299585,,8.135726664,,,Yes,Yes
69,18,W1,High,Medium,No,6,6,2,5,4,5,6,4,31,izon,Yes,11.61552052,18.04220361,12.63386139,17.19405503,13.21024365,9.952202068,12.35322686,20.0510853,Yes,No,Yes
70,25,W1,Vhigh,Vhigh,Yes,10,9,4,3,7,6,7,7,48,None,NA,,,,,,,,,,Yes,Yes
71,24,A2,High,High,Yes,6,6,3,4,6,5,6,7,10,None,NA,,,,,,,,,,Yes,Yes
72,21,A1,Medium,High,Yes,3,3,3,2,4,4,4,3,24,None,NA,,,,,,,,,,Yes,Yes
73,22,W2,High,High,Yes,6,4,6,4,3,7,7,5,6,izon,Yes,11.70448132,18.50466837,12.33909434,13.62720809,11.89160019,12.86955338,11.66571148,22.53251278,Yes,Yes,Yes
74,25,B1,Medium,Medium,No,4,3,5,3,2,3,4,6,19,None,NA,,,,,,,,,,Yes,Yes
75,23,A1,High,High,Yes,6,6,5,7,3,6,7,5,21,None,NA,,,,,,,,,,Yes,Yes
76,18,E1,High,High,Yes,6,4,3,5,3,5,8,6,5,None,NA,,,,,,,,,,Yes,Yes
77,24,E1,Medium,Medium,No,2,2,1,3,3,5,3,5,31,None,NA,,,,,,,,,,No,Yes
78,23,W1,Medium,Medium,Yes,5,5,3,3,3,5,4,3,35,None,NA,,,,,,,,,,No,Yes
79,19,W1,High,High,Yes,7,6,4,5,3,7,7,6,46,izon,Yes,12.06338168,17.38395508,10.43081155,16.12034976,10.69829507,11.94060572,11.54158839,19.23372538,Yes,No,Yes
80,21,A2,Low,Low,No,1,1,0,1,1,2,1,1,6,None,NA,,,,,,,,,,Yes,Yes
81,18,L2,Medium,Medium,Yes,2,2,2,3,4,6,7,3,15,None,NA,,,,,,,,,,Yes,Yes
82,19,B1,Medium,Medium,No,2,2,2,3,2,3,3,2,11,None,NA,,,,,,,,,,Yes,Yes
83,18,W1,Medium,Medium,Yes,4,4,3,4,3,5,3,4,24,izon,Yes,12.48587717,17.67118543,11.98419524,15.48190339,12.37227103,10.77699066,11.95884869,19.3392324,No,Yes,Yes
84,21,B1,High,High,Yes,5,6,4,2,4,4,7,4,19,None,NA,,,,,,,,,,Yes,Yes
85,19,W1,Medium,Medium,No,3,4,3,3,2,4,3,4,4,None,NA,,,,,,,,,,Yes,Yes
86,22,W1,Medium,Medium,Yes,4,5,1,3,1,3,3,3,30,izon,Yes,10.90334861,18.49008278,13.33208643,14.8556321,12.49489574,10.87926183,12.28830651,18.4774677,Yes,No,Yes
87,23,B1,Medium,Medium,No,4,4,2,3,2,5,5,4,34,izon,Yes,12.98410212,17.42509986,12.46525803,14.91072824,11.59173896,11.2151935,13.42242674,19.16893667,Yes,Yes,Yes
88,18,W1,High,High,Yes,5,7,4,5,4,6,5,6,0,izon,Yes,12.18354792,18.00912536,12.76272477,14.4318201,11.2652025,11.21774218,10.35976538,19.55348362,No,Yes,Yes
89,21,B1,Medium,Medium,No,5,3,5,3,3,5,4,3,13,None,NA,,,,,,,,,,No,Yes
90,24,B1,Medium,Medium,No,3,6,5,1,3,4,4,3,16,izon,No,12.63069205,,10.83694226,,10.13508941,,7.740679647,,,Yes,Yes
91,24,L1,Medium,Medium,No,3,2,4,3,4,3,4,2,16,None,NA,,,,,,,,,,Yes,Yes
92,22,W2,High,High,Yes,5,6,4,3,4,5,5,3,4,None,NA,,,,,,,,,,Yes,Yes
93,24,E1,Medium,Medium,No,2,2,3,4,3,3,3,4,37,None,NA,,,,,,,,,,Yes,Yes
94,21,W1,Vhigh,Vhigh,Yes,10,8,6,6,7,5,8,5,49,None,NA,,,,,,,,,,Yes,Yes
95,25,B1,Vhigh,Vhigh,Yes,10,7,4,5,8,5,10,6,46,izon,Yes,11.58720296,18.96860363,11.02627694,15.96456218,12.61430263,11.86991711,11.23867763,19.26540985,Yes,No,Yes
96,22,B1,Medium,Medium,No,4,4,4,2,2,4,5,3,24,izon,Yes,12.79230107,18.43090421,12.03718752,16.90400693,14.43196663,9.881257998,12.40395903,20.21104109,No,No,Yes
97,23,B1,Medium,Medium,No,1,4,3,3,3,4,2,3,32,None,NA,,,,,,,,,,Yes,Yes
98,21,B1,Vhigh,Vhigh,Yes,8,7,5,5,7,6,7,6,45,None,NA,,,,,,,,,,No,Yes
99,20,E1,Medium,Medium,Yes,4,3,1,4,4,5,5,2,16,None,NA,,,,,,,,,,Yes,Yes
100,22,L2,Low,Low,No,1,1,1,2,2,2,3,1,13,None,NA,,,,,,,,,,Yes,Yes
101,22,W1,High,High,Yes,7,6,3,5,3,6,6,5,36,izon,Yes,12.6036064,18.26751949,12.16146024,14.35426434,14.35593218,11.72093798,11.26782909,20.77199141,Yes,Yes,Yes
102,19,W1,Low,Low,No,1,1,1,2,1,2,1,0,18,None,NA,,,,,,,,,,Yes,Yes
103,19,B1,High,High,Yes,6,5,4,5,4,5,8,6,23,None,NA,,,,,,,,,,Yes,Yes
104,19,W1,Medium,Medium,No,3,1,1,2,2,5,3,5,9,None,NA,,,,,,,,,,Yes,Yes
105,23,A1,Medium,Medium,No,4,3,3,2,3,5,4,4,20,None,NA,,,,,,,,,,Yes,Yes
106,21,E1,High,High,Yes,5,7,2,4,4,6,5,4,10,None,NA,,,,,,,,,,Yes,Yes
107,25,W1,Medium,Medium,No,4,1,3,4,3,2,3,3,35,None,NA,,,,,,,,,,Yes,Yes
108,19,E1,High,High,No,5,4,4,4,3,7,5,5,4,None,NA,,,,,,,,,,Yes,Yes
109,25,B1,Medium,Medium,Yes,3,2,3,5,3,3,4,3,25,None,NA,,,,,,,,,,No,Yes
110,19,B1,High,High,Yes,5,6,4,4,4,7,7,6,25,None,NA,,,,,,,,,,Yes,Yes
111,18,W1,Medium,High,Yes,3,2,2,2,2,3,3,3,31,None,NA,,,,,,,,,,Yes,Yes
112,23,L1,Medium,Medium,No,2,4,4,3,2,3,3,4,29,izon,Yes,13.0754147,17.22044706,11.22194078,17.45571763,13.410841,13.31654078,11.48060049,19.51562804,Yes,No,Yes
113,22,L1,Medium,Medium,No,3,3,3,4,2,4,2,5,31,izon,No,11.92552726,,11.15994976,,8.390282697,,9.806751355,,,Yes,Yes
114,19,A1,Medium,Medium,No,3,2,3,3,1,4,4,3,6,izon,Yes,10.83473121,16.54896647,13.15304958,15.61024238,11.3103883,11.49764493,11.5199278,20.05989541,Yes,Yes,Yes
115,21,E1,High,High,Yes,6,5,3,4,3,7,5,5,16,None,NA,,,,,,,,,,Yes,Yes
116,23,E1,Medium,Medium,No,3,3,3,3,3,5,4,1,1,izon,No,9.902062483,,11.68478097,,10.40026493,,9.414951079,,,No,Yes
117,23,W1,Low,Low,Yes,1,0,1,1,1,2,2,1,5,None,NA,,,,,,,,,,Yes,Yes
118,18,W1,High,High,Yes,5,6,2,2,4,6,7,7,35,izon,Yes,10.7278138,17.97179324,12.78909554,16.22712075,10.25659229,11.16671814,11.94042456,20.92393926,No,Yes,Yes
119,18,W2,High,High,No,6,5,4,2,5,4,7,5,19,izon,Yes,11.75747001,18.06303409,11.7031189,15.87049992,12.93846958,11.96845484,11.18802126,20.03341845,Yes,Yes,Yes
120,20,E1,Medium,Medium,Yes,3,3,4,3,2,4,4,3,12,izon,Yes,11.13747759,18.55046947,11.74769422,15.68745161,11.74311793,12.26588587,13.15472337,20.47192195,Yes,No,Yes
121,25,B2,High,High,Yes,7,4,7,4,3,6,7,5,36,None,NA,,,,,,,,,,Yes,Yes
122,25,W1,Medium,Medium,No,3,2,3,3,2,3,5,3,0,izon,Yes,12.20184558,17.95612352,12.11736014,15.60128693,11.67097572,13.04720741,12.98669264,19.33602082,Yes,Yes,Yes
123,20,B1,Medium,Medium,No,3,4,2,2,3,7,3,4,10,None,NA,,,,,,,,,,No,Yes
124,20,B1,High,Medium,No,5,4,4,5,2,6,7,5,2,None,NA,,,,,,,,,,Yes,Yes
125,23,W1,High,High,Yes,6,7,6,3,3,8,8,6,0,None,NA,,,,,,,,,,Yes,Yes
126,21,L2,High,High,Yes,5,7,3,5,5,7,9,7,8,None,NA,,,,,,,,,,Yes,Yes
127,22,A1,Medium,Medium,No,3,2,2,5,3,5,5,3,24,None,NA,,,,,,,,,,Yes,Yes
128,20,B1,High,High,Yes,4,5,3,4,5,6,6,5,16,izon,Yes,11.05354482,17.03422938,13.18347525,15.59876281,13.53086125,10.50755916,13.67681051,19.8669383,No,Yes,Yes
129,21,L1,High,High,Yes,5,7,5,2,4,5,6,4,20,None,NA,,,,,,,,,,Yes,Yes
130,20,E1,Medium,Medium,No,3,3,4,3,3,3,4,5,24,izon,Yes,12.0377793,17.94543714,10.84179201,14.85511304,10.75344885,12.08398496,11.51844166,21.52962797,Yes,No,Yes
131,18,A1,Medium,Medium,No,3,3,4,4,1,4,5,2,18,izon,Yes,11.77257389,17.70447046,12.99708025,14.93784786,12.90501613,13.55808802,13.38380393,20.13136706,Yes,Yes,Yes
132,18,B2,Medium,Medium,No,4,2,2,2,2,3,4,3,5,None,NA,,,,,,,,,,Yes,Yes
133,20,L1,Medium,Medium,No,2,3,3,3,3,2,4,3,30,None,NA,,,,,,,,,,No,Yes
134,18,W1,High,High,Yes,6,5,5,4,4,6,9,5,6,None,NA,,,,,,,,,,Yes,Yes
135,20,E1,Medium,Medium,No,2,2,2,3,1,3,2,3,5,None,NA,,,,,,,,,,Yes,Yes
136,21,W1,Medium,Medium,Yes,5,4,5,3,2,4,6,2,8,None,NA,,,,,,,,,,Yes,Yes
137,21,W1,Medium,Medium,No,3,5,4,2,4,3,5,2,26,izon,Yes,11.71440875,18.5315073,10.83820519,15.1511881,11.62536941,10.88387676,12.82921658,19.28948519,Yes,Yes,Yes
138,25,B2,Vhigh,Vhigh,No,10,9,6,5,8,7,8,6,48,izon,Yes,11.38411994,17.84474482,10.42609142,15.09236722,11.95440561,11.86913906,10.15586532,18.96140107,Yes,No,Yes
139,19,E2,Vhigh,Vhigh,Yes,10,9,6,5,7,7,8,6,43,izon,Yes,12.83038156,17.24400108,11.4543332,14.16161228,10.46349898,12.38927356,11.32639088,19.12367202,Yes,No,Yes
140,18,A1,Medium,Medium,Yes,3,2,3,2,2,1,6,3,3,None,NA,,,,,,,,,,Yes,Yes
141,24,W1,Medium,Medium,No,4,4,4,4,2,5,5,4,11,None,NA,,,,,,,,,,Yes,Yes
142,20,B1,Medium,Medium,No,5,1,4,3,2,3,3,3,33,None,NA,,,,,,,,,,Yes,Yes
143,18,E1,Medium,Medium,No,2,2,3,2,4,5,5,3,23,None,NA,,,,,,,,,,Yes,Yes
144,23,B1,Low,Low,No,2,1,1,1,2,2,1,0,13,None,NA,,,,,,,,,,No,Yes
145,20,E1,High,High,No,5,6,3,4,4,5,9,6,2,None,NA,,,,,,,,,,Yes,Yes
146,24,W1,High,High,Yes,4,2,5,4,4,7,6,5,8,None,NA,,,,,,,,,,Yes,Yes
147,25,A2,Vhigh,Vhigh,Yes,9,10,7,5,6,7,5,6,49,None,NA,,,,,,,,,,Yes,Yes
148,20,W1,Vhigh,Vhigh,No,10,9,6,6,7,7,7,7,40,None,NA,,,,,,,,,,Yes,Yes
149,21,A2,Vhigh,Vhigh,Yes,8,10,6,6,8,4,7,6,47,None,NA,,,,,,,,,,Yes,Yes
150,21,A1,High,High,Yes,6,5,3,4,3,7,8,5,33,izon,Yes,12.4868671,18.30026101,11.98597598,14.87842879,13.87028121,12.09141097,12.33900499,20.20232571,No,Yes,Yes
151,22,W1,High,High,Yes,6,5,3,5,4,7,5,5,19,None,NA,,,,,,,,,,Yes,Yes
152,25,A1,Medium,Medium,No,3,3,2,4,1,4,6,3,26,None,NA,,,,,,,,,,Yes,Yes
153,19,B1,Medium,Medium,No,3,2,3,6,2,4,4,4,10,None,NA,,,,,,,,,,Yes,Yes
154,24,W1,High,High,Yes,6,5,3,3,3,8,3,6,8,None,NA,,,,,,,,,,Yes,Yes
155,19,B1,Medium,Medium,Yes,5,3,4,3,2,3,3,3,35,izon,No,12.15244704,,11.97102165,,7.745664411,,9.920927142,,,Yes,Yes
156,21,W2,Vhigh,Vhigh,Yes,10,7,4,8,7,6,8,7,48,None,NA,,,,,,,,,,Yes,Yes
157,23,B1,Medium,Medium,No,2,3,3,3,2,4,3,2,17,None,NA,,,,,,,,,,Yes,Yes
158,20,W1,Medium,Medium,No,2,3,5,1,2,5,5,3,12,None,NA,,,,,,,,,,No,Yes
159,22,L1,Medium,Medium,No,4,2,4,2,2,4,3,2,3,izon,Yes,11.87695308,18.94859232,13.22893038,15.9599552,12.67213983,12.34652454,11.90115883,19.77395478,No,No,Yes
160,21,W1,Medium,Medium,No,2,2,4,2,2,4,4,2,1,None,NA,,,,,,,,,,Yes,Yes
161,20,A1,High,High,Yes,6,4,4,4,4,6,5,6,6,izon,Yes,13.21946944,17.82141334,11.32465793,15.22671361,11.34787671,12.35867063,11.56698572,19.31156428,No,Yes,Yes
162,21,W1,Medium,Medium,No,4,2,4,2,2,5,3,3,24,izon,Yes,13.92921714,17.91211737,11.12815718,13.32557417,10.89013191,11.1116094,13.423066,19.4852849,Yes,Yes,Yes
163,25,W1,Vhigh,Vhigh,Yes,10,8,5,6,7,6,8,6,45,None,NA,,,,,,,,,,Yes,Yes
164,23,W1,Medium,Medium,No,2,2,3,3,3,3,4,1,23,izon,Yes,12.4382028,17.30954208,12.7291631,13.52879759,11.96036448,12.67767344,11.41809919,19.52236201,Yes,No,Yes
165,24,A2,Medium,Medium,No,1,3,1,4,4,5,4,2,32,None,NA,,,,,,,,,,Yes,Yes
166,25,E1,Vhigh,Vhigh,Yes,10,9,7,4,7,5,5,6,41,None,NA,,,,,,,,,,Yes,Yes
167,22,L1,Medium,Medium,No,1,4,2,2,1,4,4,3,3,izon,Yes,12.56633257,16.93790291,13.25739135,16.23737732,13.22366658,13.61828036,13.90635579,20.56165349,No,Yes,Yes
168,18,B1,Medium,Medium,No,2,3,2,5,2,3,2,5,26,izon,Yes,12.10566539,18.54502715,11.61052507,15.92989365,12.65611543,12.73224106,9.789053861,20.50133041,Yes,Yes,Yes
169,24,A1,High,High,Yes,6,5,4,5,3,6,7,6,11,None,NA,,,,,,,,,,Yes,Yes
170,20,W1,Medium,Medium,No,5,3,2,3,2,3,3,3,1,izon,Yes,12.02448029,17.55623681,12.02613892,15.44586349,12.77269849,13.12147808,12.62842451,19.99202326,No,Yes,Yes
171,19,L2,Vhigh,Vhigh,Yes,10,7,5,4,8,6,8,7,46,None,NA,,,,,,,,,,Yes,Yes
172,24,E2,Medium,Medium,Yes,2,3,4,3,3,4,4,4,9,None,NA,,,,,,,,,,Yes,Yes
173,22,W1,High,High,Yes,6,4,4,2,5,8,6,6,30,None,NA,,,,,,,,,,Yes,Yes
174,22,A2,Vhigh,Vhigh,Yes,8,9,3,5,7,6,8,4,49,None,NA,,,,,,,,,,Yes,Yes
175,24,B1,Medium,Medium,No,3,3,2,4,2,3,3,3,6,None,NA,,,,,,,,,,Yes,Yes
176,22,B1,Medium,Medium,No,3,3,4,5,2,5,5,3,6,izon,Yes,13.2080701,17.55773272,11.73367443,13.26666933,12.42347885,11.09248146,12.74125518,19.35276189,Yes,No,Yes
177,19,A2,High,High,Yes,5,5,5,3,3,8,5,3,5,None,NA,,,,,,,,,,Yes,Yes
178,20,W1,High,High,Yes,6,5,5,5,3,5,8,6,30,izon,Yes,11.17403506,18.41972798,11.29167113,14.7897586,12.24069723,11.11224099,12.20565726,19.81526898,No,Yes,Yes
179,22,E1,Medium,Medium,Yes,4,2,3,2,2,4,6,4,10,izon,Yes,12.15899616,17.49965296,10.79417425,16.88286329,12.74556294,11.19203445,10.56806091,21.38831513,No,Yes,Yes
180,24,L2,High,High,Yes,5,5,4,2,4,5,7,4,30,izon,Yes,12.08990054,18.96017252,11.26229817,16.3054222,13.2878588,12.30990911,12.06632474,19.35189267,Yes,No,Yes
181,24,B2,Vhigh,Vhigh,Yes,10,9,4,5,6,6,8,5,45,None,NA,,,,,,,,,,Yes,Yes
182,20,A1,Medium,Medium,No,3,4,5,3,3,5,3,4,0,None,NA,,,,,,,,,,Yes,Yes
183,23,E1,Medium,Medium,No,3,2,2,2,3,4,4,4,31,None,NA,,,,,,,,,,Yes,Yes
184,21,W1,Medium,Medium,No,2,4,2,2,3,4,6,3,18,izon,Yes,11.22325585,18.7945508,13.03367209,14.44963048,12.84409473,13.45026834,11.6234588,19.23151995,Yes,Yes,Yes
185,22,A2,Low,Low,No,2,1,0,1,1,2,2,1,16,None,NA,,,,,,,,,,Yes,Yes
186,19,A1,Vhigh,Vhigh,Yes,9,7,4,3,7,6,8,3,37,None,NA,,,,,,,,,,No,Yes
187,22,W1,Vhigh,Vhigh,Yes,9,7,5,4,7,6,9,7,46,izon,Yes,13.91171582,18.47088638,12.8584941,16.52439805,13.22846036,11.72717005,13.17114834,21.34392622,Yes,No,Yes
188,19,W1,Medium,Medium,No,3,3,3,3,2,4,2,3,29,izon,No,12.22885021,,12.60846419,,9.707503193,,7.478803231,,,Yes,Yes
189,25,W1,High,High,Yes,5,3,4,4,5,6,5,4,9,None,NA,,,,,,,,,,Yes,Yes
190,22,E1,Medium,Medium,No,4,3,4,2,3,3,4,4,49,None,NA,,,,,,,,,,Yes,Yes
191,19,W2,Medium,Medium,No,3,4,3,2,2,5,5,4,1,izon,Yes,20.33474863,20.8196058,19.91042988,19.21649138,19.32556233,10.80998848,20.8699265,20.91276607,Yes,No,Yes
192,24,L1,Medium,High,Yes,3,3,3,3,2,6,6,3,3,izon,Yes,21.15755917,17.63959993,19.21695862,19.45260743,17.0278969,9.436728545,20.48947443,18.90620243,Yes,No,Yes
193,23,L1,Vhigh,Vhigh,Yes,8,9,5,5,5,7,8,5,37,None,NA,,,,,,,,,,No,Yes
194,19,W1,Medium,Medium,No,2,2,3,3,2,4,4,4,1,None,NA,,,,,,,,,,No,Yes
195,22,W1,Medium,Medium,No,3,2,5,4,1,4,4,3,33,None,NA,,,,,,,,,,No,Yes
196,18,A1,Low,Low,No,1,1,2,1,1,1,2,0,17,None,NA,,,,,,,,,,No,Yes
197,22,B1,Vhigh,Vhigh,Yes,8,10,4,4,9,7,6,6,46,izon,Yes,18.48167677,20.45641545,18.77889666,20.70059048,18.56907603,11.21363479,19.96151887,20.47620978,Yes,No,Yes
198,21,B1,Vhigh,Vhigh,Yes,9,9,6,5,6,6,7,6,41,izon,Yes,18.58386981,20.39714984,20.82677507,20.40394984,18.80615983,10.84423573,21.63050691,20.07290316,Yes,No,Yes
199,18,E1,Medium,Medium,No,3,4,2,4,3,3,5,1,27,None,NA,,,,,,,,,,No,Yes
200,24,B1,Vhigh,Vhigh,Yes,10,7,3,4,7,6,7,6,44,None,NA,,,,,,,,,,No,Yes
201,25,A1,Medium,Medium,No,2,2,6,4,4,3,3,1,9,None,NA,,,,,,,,,,No,Yes
202,18,E2,Vhigh,Vhigh,Yes,8,9,6,5,7,5,6,6,48,None,NA,,,,,,,,,,No,Yes
203,19,W1,High,High,Yes,8,5,4,4,5,6,8,4,36,None,NA,,,,,,,,,,No,Yes
204,20,A1,High,High,Yes,6,4,4,4,5,8,5,5,6,izon,Yes,20.44603115,20.90607935,19.42578237,20.9333125,20.05042012,10.00385712,19.967647,20.76431559,Yes,No,Yes
205,18,L1,Medium,Medium,No,4,4,2,2,2,2,3,4,14,None,NA,,,,,,,,,,No,Yes
206,22,B1,Medium,Medium,No,5,3,3,3,3,5,5,2,23,izon,Yes,20.5521968,20.58336195,18.22755158,19.09307043,20.13032469,13.41791201,18.51665302,20.03440378,No,Yes,Yes
207,21,L1,High,High,Yes,5,5,5,5,5,3,6,7,25,None,NA,,,,,,,,,,Yes,Yes
208,20,W1,Medium,Medium,No,3,4,4,4,1,4,4,3,26,izon,Yes,20.3050109,21.22467429,19.53057785,19.90839468,19.6481272,8.680470428,18.4848205,19.50810387,Yes,No,Yes
209,22,E1,Medium,Medium,No,4,3,2,3,2,3,4,3,29,izon,Yes,22.68115936,18.89961909,20.68730887,20.94969837,18.18487673,9.563793083,20.62540386,19.1700397,Yes,Yes,Yes
210,22,L1,Medium,Medium,No,4,5,3,3,1,3,3,3,12,None,NA,,,,,,,,,,No,Yes
211,21,A1,High,High,Yes,7,6,3,5,6,7,9,4,35,None,NA,,,,,,,,,,Yes,Yes
212,25,A1,High,High,Yes,5,5,4,4,3,5,6,5,19,izon,Yes,19.76887218,19.31863741,20.74831802,20.68310306,19.34434977,10.68659898,20.63924696,21.60365825,No,Yes,Yes
213,19,E2,High,High,Yes,8,4,5,4,5,7,8,4,46,izon,Yes,19.23364274,19.09414352,20.877046,19.98883476,20.12506696,11.16353544,19.51391598,21.19960588,Yes,No,Yes
214,21,E1,Medium,Medium,No,2,3,3,3,1,5,6,3,35,izon,Yes,20.16688481,19.78564411,20.58857044,18.86706911,18.85634369,8.84609129,21.65743296,20.59824673,Yes,No,Yes
215,18,A1,Medium,Medium,Yes,3,5,1,2,3,4,5,3,29,None,NA,,,,,,,,,,No,Yes
216,20,W1,Medium,Medium,Yes,6,4,1,3,3,5,5,3,17,izon,Yes,20.6796072,19.88633298,19.13486458,18.49364362,20.1438331,11.65907471,20.37154093,20.19098353,Yes,No,Yes
217,22,W1,Medium,Medium,No,3,5,4,3,3,3,2,2,20,izon,Yes,20.44929904,19.38323568,18.79577137,18.93944041,18.84736393,10.62849264,19.11344831,21.17796174,Yes,No,Yes
218,18,E2,Medium,Medium,No,3,3,4,4,3,3,4,1,13,None,NA,,,,,,,,,,No,Yes
219,18,W1,Medium,Medium,Yes,4,3,4,3,2,5,4,4,29,izon,Yes,18.94340768,19.49303614,21.00098297,19.47792311,21.08859394,8.966124281,19.67924068,20.71227019,Yes,No,Yes
220,23,E1,Medium,Medium,Yes,3,4,3,2,2,5,5,1,33,None,NA,,,,,,,,,,No,Yes
221,20,L1,Medium,Medium,No,4,3,5,3,2,4,2,3,35,None,NA,,,,,,,,,,No,Yes
222,18,W1,High,High,Yes,5,5,4,3,3,7,7,5,2,None,NA,,,,,,,,,,No,Yes
223,19,B1,Medium,Medium,No,4,3,2,4,1,5,6,2,29,None,NA,,,,,,,,,,No,Yes
224,18,W1,Low,Low,No,1,1,1,1,2,1,2,0,42,izon,Yes,20.19196364,19.97121539,20.48376486,20.22176473,19.12442365,11.87717582,19.25622637,19.64105925,Yes,No,Yes
225,23,W1,High,High,Yes,5,6,3,6,5,7,10,3,30,None,NA,,,,,,,,,,No,Yes
226,25,W1,Medium,Medium,No,3,4,3,3,3,1,4,2,8,None,NA,,,,,,,,,,No,Yes
227,18,B2,Medium,Medium,Yes,3,3,3,4,2,6,6,4,24,None,NA,,,,,,,,,,No,Yes
228,25,W1,Medium,Medium,No,4,3,2,2,3,4,5,4,3,izon,Yes,15.09761747,15.18121103,15.21879913,15.98547494,13.43178953,12.91118014,15.89196443,15.05306009,Yes,No,Yes
229,25,W1,Medium,Medium,No,2,1,4,1,0,3,5,1,38,izon,Yes,15.29297831,16.01508816,15.7906794,15.40691754,15.4058723,13.73467376,14.01870627,14.73071743,Yes,No,Yes
230,19,B1,High,High,Yes,7,6,5,3,3,7,6,4,39,None,NA,,,,,,,,,,No,Yes
231,19,B1,Medium,Medium,No,2,3,2,5,2,3,3,3,31,None,NA,,,,,,,,,,No,Yes
232,18,B1,Medium,Medium,No,3,2,1,3,2,4,5,4,30,None,NA,,,,,,,,,,No,Yes
233,21,A1,Medium,Medium,No,3,3,3,3,2,5,2,2,31,None,NA,,,,,,,,,,No,Yes
234,21,A2,Vhigh,Vhigh,Yes,10,8,4,6,9,5,8,7,35,None,NA,,,,,,,,,,No,Yes
235,19,E2,Vhigh,Vhigh,Yes,9,9,5,5,8,7,8,5,38,izon,Yes,15.30492465,13.5862817,16.20611049,16.2662704,14.8742073,14.90101927,12.47980302,14.66712689,Yes,No,Yes
236,22,W2,High,High,Yes,5,5,3,6,4,7,7,4,30,None,NA,,,,,,,,,,No,Yes
237,25,A1,Medium,Medium,No,2,3,3,4,2,2,3,2,3,None,NA,,,,,,,,,,No,Yes
238,23,E2,Medium,Medium,No,2,3,2,3,1,4,3,4,34,None,NA,,,,,,,,,,No,Yes
239,22,B1,Low,Low,No,1,2,1,1,1,2,2,1,17,izon,Yes,15.75268878,17.47030701,12.48928657,16.54340759,14.90395109,14.08088909,14.61530179,14.3167587,No,No,Yes
240,22,B1,High,Vhigh,Yes,5,6,3,4,6,4,6,5,7,izon,Yes,13.22686562,14.6001211,14.34529325,14.93107183,14.50864589,12.73415431,15.8076956,15.82601648,Yes,No,Yes
241,21,A1,High,High,Yes,6,6,5,3,5,6,7,4,9,None,NA,,,,,,,,,,No,Yes
242,19,E1,Medium,Medium,No,1,2,3,3,2,5,3,3,12,None,NA,,,,,,,,,,Yes,Yes
243,24,B1,Vhigh,Vhigh,Yes,10,9,6,6,7,7,8,7,44,None,NA,,,,,,,,,,No,Yes
244,22,L1,Medium,Medium,No,1,2,2,3,5,5,3,2,29,izon,Yes,13.51993065,15.76247643,13.32740795,16.238314,15.37407273,15.96316999,14.56765859,15.25264732,Yes,No,Yes
245,20,A1,Medium,Medium,No,4,2,1,2,3,5,4,4,34,None,NA,,,,,,,,,,No,Yes
246,23,W1,Low,Low,No,1,1,1,0,0,2,2,1,4,None,NA,,,,,,,,,,No,Yes
247,23,L1,Medium,Medium,No,3,4,1,3,0,4,5,3,27,izon,Yes,15.17962704,12.9703948,15.67112423,15.96768279,16.3508912,14.59669226,14.14123246,15.50356879,Yes,No,Yes
248,21,W1,Medium,Medium,No,2,2,4,4,4,4,4,3,16,None,NA,,,,,,,,,,No,Yes
249,21,L1,High,High,Yes,5,6,5,3,4,5,4,6,8,None,NA,,,,,,,,,,No,Yes
250,19,E2,High,High,Yes,6,5,5,3,5,5,7,6,9,izon,Yes,14.28098012,15.19202734,15.41677721,16.41170123,14.82880457,15.99854441,13.90595497,16.70228693,Yes,No,Yes
251,23,A1,Medium,Medium,No,4,2,2,3,2,3,5,4,20,None,NA,,,,,,,,,,No,Yes
252,22,L1,Vhigh,High,Yes,9,8,6,5,7,7,7,7,40,None,NA,,,,,,,,,,No,Yes
253,22,A1,Medium,Medium,No,3,2,2,3,2,4,5,3,24,None,NA,,,,,,,,,,Yes,Yes
254,24,A1,Medium,Medium,No,4,1,3,3,4,4,4,2,11,izon,Yes,14.13843547,15.41290185,14.42758043,15.78417674,15.54724342,13.78707008,13.56639992,15.97593245,Yes,No,Yes
255,24,A1,Medium,Medium,No,3,3,4,2,2,4,6,4,3,izon,Yes,12.9126264,13.94066584,16.00835662,14.99221833,15.31282304,14.20629037,14.84104321,15.24942331,Yes,No,Yes
256,20,A1,High,High,No,4,4,2,5,6,6,6,7,35,izon,No,14.9598206,,15.14418638,,12.23146397,,11.09357459,,,No,Yes
257,20,B1,Medium,Medium,No,3,4,4,4,2,5,5,2,23,None,NA,,,,,,,,,,No,Yes
258,24,B1,Medium,Medium,No,2,3,4,3,1,2,3,3,23,None,NA,,,,,,,,,,Yes,Yes
259,24,A2,Medium,Medium,No,2,5,2,1,1,3,5,3,22,izon,Yes,16.02940374,16.33412697,16.47875377,15.14213521,17.14043069,15.73526384,15.25362427,12.58173498,No,No,Yes
260,22,L1,High,High,Yes,5,5,4,5,3,6,7,5,26,None,NA,,,,,,,,,,No,Yes
261,23,W1,High,High,Yes,5,4,4,4,4,7,4,7,28,None,NA,,,,,,,,,,Yes,Yes
262,21,A2,Medium,Medium,No,2,2,3,4,1,4,2,4,15,None,NA,,,,,,,,,,Yes,Yes
263,21,L1,Medium,Medium,Yes,4,4,4,3,1,3,3,2,7,izon,Yes,15.22378526,12.6160349,15.72957997,14.66209406,15.359477,14.95462446,15.34816082,14.28789681,Yes,No,Yes
264,22,E1,Vhigh,Vhigh,Yes,10,7,5,6,7,4,7,5,46,None,NA,,,,,,,,,,Yes,Yes
265,18,W1,Medium,Medium,No,3,2,2,1,4,3,3,2,5,None,NA,,,,,,,,,,No,Yes
266,19,W1,High,High,Yes,5,5,4,3,7,8,8,6,18,None,NA,,,,,,,,,,Yes,Yes
267,21,B1,Vhigh,Vhigh,Yes,7,9,5,3,7,6,7,5,35,izon,Yes,14.27768153,14.68816692,14.49728439,16.06388497,15.41782549,14.14264687,14.46279102,14.89438284,Yes,No,Yes
268,24,B1,High,High,Yes,6,5,2,3,3,5,6,6,19,izon,Yes,14.55755358,17.19163764,15.41487228,13.31008491,14.98950597,15.07997138,15.22070861,17.52775756,Yes,No,Yes
269,24,B1,Medium,Medium,No,4,3,5,4,1,4,3,3,24,None,NA,,,,,,,,,,No,Yes
270,25,A1,High,High,Yes,6,3,4,5,3,6,8,4,4,None,NA,,,,,,,,,,No,Yes
271,24,L1,Medium,Medium,No,3,3,3,3,2,4,3,4,17,None,NA,,,,,,,,,,No,Yes
272,23,W1,High,High,Yes,6,5,2,4,5,5,9,2,9,None,NA,,,,,,,,,,No,Yes
273,24,E1,Medium,Medium,No,4,5,2,4,2,3,4,1,1,izon,Yes,14.70636259,12.69938495,14.35646288,14.45573096,15.15788402,15.68792818,16.17965653,16.24754258,Yes,No,Yes
274,25,A1,Medium,Medium,Yes,5,2,1,4,2,4,5,4,2,izon,Yes,15.08590623,16.61913683,13.81262112,14.30516701,15.76715949,12.35801629,15.83469502,15.36967352,Yes,Yes,Yes
275,20,L1,Low,Low,No,2,0,1,1,1,1,3,1,11,None,NA,,,,,,,,,,No,Yes
276,22,L1,High,High,Yes,7,6,6,4,5,5,5,5,1,izon,Yes,14.18110132,15.47451268,15.59752224,14.65044414,15.77634283,15.41865912,14.64903025,15.97664975,Yes,No,Yes
277,22,B1,Low,Low,No,1,0,2,2,0,2,2,1,28,izon,Yes,17.20602504,15.05038834,16.06531727,15.96596638,13.8935134,15.59961853,15.09742711,16.2418673,Yes,No,Yes
278,23,L2,Medium,Medium,No,1,3,4,2,1,4,3,3,32,None,NA,,,,,,,,,,Yes,Yes
279,18,B1,Medium,Medium,No,1,3,3,3,1,5,4,2,15,None,NA,,,,,,,,,,No,Yes
280,19,W1,Vhigh,Vhigh,Yes,9,10,5,4,7,7,9,7,50,None,NA,,,,,,,,,,No,Yes
281,22,B1,Medium,Medium,No,4,2,3,3,3,5,2,3,1,None,NA,,,,,,,,,,No,Yes
282,24,W2,High,High,Yes,6,4,4,4,3,5,6,5,2,None,NA,,,,,,,,,,No,Yes
283,24,A1,High,High,Yes,5,5,5,5,4,6,7,5,25,None,NA,,,,,,,,,,No,Yes
284,25,B1,Medium,Medium,No,4,3,4,3,2,3,5,3,24,izon,Yes,14.13115867,15.01822583,14.34343362,15.24378212,15.29041135,13.05958729,14.56999013,14.23241388,Yes,No,Yes
285,20,B1,High,High,Yes,6,5,3,4,3,7,8,8,32,None,NA,,,,,,,,,,No,Yes
286,22,W1,Medium,Medium,Yes,2,3,2,2,2,5,2,3,15,izon,Yes,14.56144127,14.14906942,14.66893678,16.89820285,13.99620648,13.75058184,15.28590228,15.8951534,Yes,No,Yes
287,18,W1,Medium,Medium,No,4,5,2,3,2,2,3,4,4,None,NA,,,,,,,,,,No,Yes
288,23,A1,Medium,Medium,No,2,3,4,3,1,5,5,4,6,izon,No,14.52435674,,14.82349247,,12.18192003,,12.75736632,,,No,Yes
289,22,A1,Medium,Medium,No,3,4,2,5,3,4,2,5,19,None,NA,,,,,,,,,,No,Yes
290,22,B2,Medium,Medium,No,4,4,4,2,1,4,2,2,28,izon,Yes,14.29779062,15.32977859,14.60690212,15.72824686,13.56488311,13.31774077,14.71166959,14.02793846,Yes,No,Yes
291,18,W1,Medium,Medium,No,2,3,3,3,3,4,4,4,31,izon,Yes,14.30991618,13.37642709,17.19158319,15.68974244,14.58483193,14.31413278,14.98965071,11.87875743,No,No,Yes
292,25,W1,Medium,High,Yes,4,4,3,3,1,4,3,4,13,izon,Yes,15.98713081,13.80622872,16.01441181,15.59389773,15.38082194,16.13782704,15.83141771,13.93608613,Yes,No,Yes
293,22,W1,Medium,Medium,Yes,4,3,2,4,3,3,5,2,17,izon,Yes,14.21448303,14.55870924,13.79897706,15.07585224,13.33788053,16.32523216,15.40472705,16.44131346,Yes,Yes,Yes
294,21,W1,Low,Low,No,0,0,0,2,1,2,1,1,11,None,NA,,,,,,,,,,No,Yes
295,18,L2,Vhigh,Vhigh,Yes,9,6,4,6,5,6,9,4,45,izon,Yes,15.07996424,17.11062709,17.17897842,15.05953766,14.03000332,15.55794211,16.9558323,15.87660601,Yes,Yes,Yes
296,24,A1,Medium,Medium,No,4,5,1,2,2,4,5,6,11,None,NA,,,,,,,,,,No,Yes
297,24,A1,Low,Low,Yes,1,2,1,1,1,2,2,1,6,None,NA,,,,,,,,,,No,Yes
298,25,W1,Medium,Medium,Yes,5,3,5,1,2,3,5,2,7,None,NA,,,,,,,,,,No,Yes
299,22,W1,Vhigh,Vhigh,Yes,9,9,6,5,8,5,6,6,42,None,NA,,,,,,,,,,No,Yes
300,21,A1,Vhigh,High,Yes,10,9,6,5,7,4,6,6,48,izon,Yes,15.96996463,15.85604084,14.67975223,16.00474323,14.39956111,16.47925061,16.15660771,16.77883258,Yes,No,Yes
301,21,W1,Medium,Medium,No,4,2,4,4,2,5,3,4,21,None,NA,,,,,,,,,,Yes,Yes
302,21,W1,Medium,Medium,No,3,3,4,3,4,4,4,4,12,None,NA,,,,,,,,,,No,Yes
303,25,W1,High,Vhigh,Yes,5,4,4,4,4,6,6,3,23,izon,Yes,14.27350527,17.20651523,15.18760485,14.25641394,14.01295988,14.87704247,13.95487145,14.98911061,Yes,No,Yes
304,25,W1,Vhigh,Vhigh,Yes,8,8,5,6,9,5,8,6,47,izon,Yes,14.83333665,14.31923199,14.91300004,15.01352882,14.82920604,14.43866642,14.83738003,15.78074574,Yes,No,Yes
305,24,W1,High,High,No,5,6,4,3,5,5,6,5,28,None,NA,,,,,,,,,,No,Yes
306,18,W2,Medium,Medium,No,5,4,4,3,3,4,3,2,7,izon,Yes,15.23074189,16.82047377,14.79874219,15.50120815,14.65683997,15.57112632,15.41515797,14.46233383,No,No,Yes
307,21,A1,Medium,High,Yes,5,3,3,5,0,4,4,4,7,izon,Yes,14.91964652,16.18137923,16.51526862,16.11788224,16.03686533,15.01230201,15.54016841,14.86007476,Yes,No,Yes
308,18,W1,Medium,Medium,Yes,5,2,3,4,2,5,3,3,33,None,NA,,,,,,,,,,No,Yes
309,20,L1,Vhigh,Vhigh,Yes,10,6,4,6,9,7,7,6,42,None,NA,,,,,,,,,,No,Yes
310,22,W1,Medium,Medium,No,2,4,2,4,2,3,4,1,2,izon,Yes,16.21901812,16.18340634,15.52176359,15.9234835,14.01393407,12.67169996,13.99473265,16.81968147,Yes,No,Yes
311,21,W1,High,High,Yes,5,4,4,4,4,5,5,4,19,izon,Yes,14.63645627,16.15546097,15.88748084,13.6990467,13.22365916,16.36323061,13.69033736,16.19543842,Yes,No,Yes
312,23,L1,High,High,No,6,6,3,4,3,6,8,5,3,None,NA,,,,,,,,,,Yes,Yes
313,25,B1,Medium,Medium,No,4,4,5,3,1,3,3,3,12,None,NA,,,,,,,,,,No,Yes
314,22,B1,Medium,Medium,No,3,3,3,3,3,3,3,4,27,None,NA,,,,,,,,,,No,Yes
315,22,W1,High,High,Yes,6,6,3,3,2,4,6,4,2,izon,Yes,13.89692249,12.79316264,13.42082898,16.2089746,13.79119285,14.69195024,15.12967456,16.41389868,No,Yes,Yes
316,24,A2,Vhigh,Vhigh,Yes,8,7,6,6,9,6,6,7,41,None,NA,,,,,,,,,,No,Yes
317,25,W1,Medium,Medium,No,3,3,3,2,2,4,5,3,20,izon,Yes,16.30099402,14.60362062,15.85672591,14.9162452,16.31157536,16.20818032,12.57681006,14.80681761,Yes,No,Yes
318,23,A1,Medium,Medium,No,2,3,3,4,1,4,6,3,23,None,NA,,,,,,,,,,No,Yes
319,19,A2,Low,Low,Yes,1,1,1,0,0,2,1,1,14,None,NA,,,,,,,,,,No,Yes
320,24,A1,Medium,Medium,No,0,4,4,3,2,6,1,2,10,None,NA,,,,,,,,,,No,Yes
321,23,E1,Low,Low,No,1,1,1,0,2,2,3,0,20,None,NA,,,,,,,,,,No,Yes
322,22,E1,High,High,Yes,5,5,5,5,3,7,9,5,43,None,NA,,,,,,,,,,Yes,Yes
323,21,W1,Vhigh,Vhigh,Yes,10,8,6,5,8,6,7,7,38,None,NA,,,,,,,,,,No,Yes
324,23,A1,Medium,Medium,No,3,3,4,2,2,4,6,3,10,izon,Yes,16.14404632,14.76601505,15.00811644,14.47980903,14.85477537,14.34568213,16.66791259,15.43592804,Yes,No,Yes
325,22,W1,Medium,Medium,No,4,2,3,2,1,3,5,2,23,None,NA,,,,,,,,,,No,Yes
326,22,E1,Medium,Medium,No,5,3,4,2,0,6,4,2,26,izon,Yes,15.82227258,13.5343675,14.24892712,15.09492145,15.13304067,15.76338806,15.05210784,14.32665781,Yes,No,Yes
327,19,A1,Medium,High,Yes,4,3,4,2,1,3,6,3,33,None,NA,,,,,,,,,,No,Yes
328,22,W1,Medium,Medium,No,5,2,3,1,4,4,4,2,8,izon,Yes,15.8994028,14.96214664,14.73650534,13.50501491,16.01521288,14.7603997,13.67799051,15.38863339,Yes,No,Yes
329,23,L1,Vhigh,Vhigh,Yes,8,9,5,5,8,6,5,5,43,None,NA,,,,,,,,,,No,Yes
330,22,W1,High,High,Yes,6,5,3,3,5,7,5,4,31,None,NA,,,,,,,,,,No,Yes
331,18,A2,High,High,No,6,6,3,6,5,7,5,6,30,None,NA,,,,,,,,,,No,Yes
332,21,A1,Medium,Medium,No,3,3,2,4,3,4,3,3,26,izon,Yes,15.00074007,14.28636924,14.02155828,15.47743809,14.18848648,15.60397616,15.72449296,16.38835287,Yes,No,Yes
333,24,W1,Medium,Medium,No,3,3,3,3,2,3,5,4,26,None,NA,,,,,,,,,,Yes,Yes
334,22,W1,High,High,Yes,5,5,4,1,5,5,6,5,4,izon,Yes,14.77874544,14.21897651,15.21471559,14.92166228,14.35746591,15.81045692,14.7633163,14.3720494,Yes,Yes,Yes
335,18,W1,Medium,Medium,No,4,2,4,4,2,4,2,4,19,izon,No,14.25094392,,13.03167647,,11.74944057,,12.26691028,,,No,Yes
336,19,W1,High,High,Yes,5,5,3,4,7,7,8,5,33,izon,Yes,15.00341773,15.53952828,13.52002335,13.87307558,16.38030993,13.9594604,16.0610535,17.34077107,Yes,No,Yes
337,21,B1,Medium,Medium,No,3,2,3,3,2,5,3,3,23,None,NA,,,,,,,,,,Yes,Yes
338,22,A2,Medium,Medium,Yes,4,4,5,4,0,5,6,3,25,None,NA,,,,,,,,,,Yes,Yes
339,21,L1,Medium,Medium,No,1,3,4,4,3,4,3,4,28,None,NA,,,,,,,,,,No,Yes
340,18,W1,Medium,Medium,No,4,2,2,3,1,4,4,2,31,None,NA,,,,,,,,,,No,Yes
341,20,B1,Vhigh,Vhigh,Yes,9,9,6,4,8,6,7,6,46,None,NA,,,,,,,,,,No,Yes
342,19,B1,Vhigh,Vhigh,Yes,9,8,3,6,6,7,6,5,35,izon,Yes,15.0236509,16.96821211,14.49843437,14.18235888,14.63649543,14.74634963,15.01402668,15.61228696,Yes,Yes,Yes
343,22,W1,Medium,Medium,Yes,4,3,3,3,4,4,7,2,13,None,NA,,,,,,,,,,No,Yes
344,22,W1,Medium,Medium,Yes,4,3,3,3,3,4,3,2,29,izon,No,14.63084503,,15.04479116,,12.62585801,,12.80617559,,,No,Yes
345,23,B1,High,High,Yes,4,5,4,5,6,7,8,7,17,izon,Yes,15.18737877,13.51718076,16.30033305,15.84805042,14.18448465,15.30903187,14.61397422,13.64781637,Yes,No,Yes
346,20,W2,Low,Low,Yes,2,1,0,0,1,1,3,1,10,None,NA,,,,,,,,,,No,Yes
347,19,E1,Vhigh,Vhigh,Yes,9,7,6,6,8,4,8,6,45,None,NA,,,,,,,,,,No,Yes
348,24,L1,High,High,Yes,7,6,6,6,5,4,6,4,22,izon,Yes,13.87807566,15.32056128,12.54327832,13.75932113,15.81036073,16.37731109,16.12651622,14.97713754,No,No,Yes
349,21,A1,Medium,Medium,No,0,4,3,4,2,5,5,4,6,None,NA,,,,,,,,,,No,Yes
350,18,W1,High,High,Yes,6,5,3,4,4,6,9,6,35,None,NA,,,,,,,,,,No,Yes
351,19,B1,Medium,Medium,No,2,2,3,3,4,4,5,3,7,None,NA,,,,,,,,,,No,Yes
352,23,B1,Medium,Medium,No,3,3,2,2,3,3,6,5,23,None,NA,,,,,,,,,,No,Yes
353,21,B2,High,High,Yes,5,4,6,4,4,6,6,6,23,izon,Yes,13.7852725,15.95007829,14.52068248,15.1926926,15.94403685,15.86935332,16.07965043,15.44511886,Yes,No,Yes
354,20,W1,High,High,Yes,8,5,5,3,1,5,8,4,30,izon,Yes,14.05994383,15.86817561,15.06416534,14.18908697,16.02628664,14.67639001,16.76076463,13.26404286,Yes,No,Yes
355,24,W1,Medium,Medium,Yes,4,4,2,4,3,4,8,1,20,None,NA,,,,,,,,,,No,Yes
356,23,E1,High,High,Yes,6,6,4,3,4,7,7,5,14,izon,No,14.93999778,,15.01032869,,11.25065928,,11.58377703,,,No,Yes
357,23,L1,Medium,Medium,No,4,3,3,3,1,3,3,3,10,None,NA,,,,,,,,,,No,Yes
358,22,E1,Medium,Medium,Yes,3,4,4,3,2,2,4,4,31,None,NA,,,,,,,,,,Yes,Yes
359,24,A1,Medium,Medium,Yes,3,4,2,2,2,4,7,1,16,izon,Yes,14.88543906,14.84812014,15.64912643,14.56641001,12.91802918,14.71391861,15.4638542,14.92965748,No,Yes,Yes
360,22,W1,Vhigh,Vhigh,Yes,10,8,6,5,9,6,8,6,36,None,NA,,,,,,,,,,No,Yes
361,20,W1,Medium,Medium,No,2,4,3,3,2,4,4,2,21,izon,Yes,14.65522059,15.37258869,15.3271019,14.58114473,14.58510553,14.30699256,15.43712897,17.04240745,Yes,No,Yes
362,21,L1,Vhigh,Vhigh,Yes,8,6,4,4,8,5,8,6,40,izon,Yes,13.95838742,15.72577199,14.01699686,16.43386478,15.14274896,16.48993184,15.40212057,13.97003577,Yes,No,Yes
363,23,E1,High,High,Yes,6,4,2,5,4,6,6,6,15,None,NA,,,,,,,,,,Yes,Yes
364,23,E1,Low,Medium,No,1,1,1,1,2,3,2,0,5,None,NA,,,,,,,,,,No,Yes
365,24,A2,Medium,Medium,No,3,3,2,2,3,3,4,3,30,None,NA,,,,,,,,,,No,Yes
366,23,A1,High,High,Yes,6,5,3,5,5,6,8,7,13,None,NA,,,,,,,,,,No,Yes
367,18,B1,Medium,Medium,Yes,5,3,4,2,0,5,5,4,39,None,NA,,,,,,,,,,No,Yes
368,25,E1,Vhigh,Vhigh,Yes,10,8,7,4,7,6,7,6,37,izon,Yes,13.84132377,15.41483419,15.32602611,14.28950788,16.42581423,13.61110666,14.00567764,14.58981231,No,Yes,Yes
369,21,A1,Medium,Medium,No,4,4,2,4,2,4,4,3,28,izon,Yes,15.447884,14.89054375,13.50578814,16.27210239,15.4162049,15.86742838,13.4116503,13.97161214,Yes,No,Yes
370,25,W1,Vhigh,Vhigh,No,9,8,6,5,7,7,7,5,49,None,NA,,,,,,,,,,No,Yes
371,25,B1,Medium,Medium,No,2,4,2,4,3,4,5,3,11,izon,Yes,15.22382607,15.17475564,14.10682584,14.1335038,14.80414312,16.11762315,14.16275246,13.35075402,Yes,No,Yes
372,18,L1,Medium,Medium,No,2,3,2,2,2,5,5,5,4,izon,Yes,16.45256721,14.43269293,14.18780217,15.13955391,14.32805112,14.46336088,14.90737662,14.23431385,Yes,No,Yes
373,24,W1,Medium,Medium,Yes,3,2,3,2,1,4,5,2,27,izon,Yes,15.14711424,14.13689034,15.38572665,15.57097275,14.41707241,13.89779041,15.6860231,13.27699348,Yes,Yes,Yes
374,24,W1,Vhigh,Vhigh,Yes,9,8,4,5,8,6,8,5,46,None,NA,,,,,,,,,,No,Yes
375,24,W1,High,High,Yes,7,6,4,4,3,7,8,4,14,izon,Yes,15.10382502,15.57317671,13.82686239,14.13780057,15.39390396,15.10496879,15.1692617,15.42779291,Yes,No,Yes
376,25,A1,Medium,Medium,No,3,2,3,3,2,4,5,3,30,izon,Yes,15.75386362,14.46107994,14.52369815,15.01835212,14.81014934,14.71885482,16.7007538,13.6429625,No,No,Yes
377,19,W1,Medium,Medium,No,3,1,4,5,2,5,5,3,28,izon,Yes,15.24657698,16.49085003,16.27157225,15.86411007,13.93248405,15.79478894,15.19372342,15.64396345,Yes,No,Yes
378,21,A1,Vhigh,Vhigh,Yes,10,6,4,5,6,7,8,6,50,izon,Yes,15.49595115,16.34996825,13.84920416,14.61683017,15.06014741,14.38481167,15.91275534,14.88968102,Yes,No,Yes
379,21,E1,Medium,Medium,No,3,4,3,4,1,5,6,1,33,izon,Yes,13.8714625,16.10136937,15.44564797,14.11317027,15.67985958,14.85662419,14.39914519,13.79497812,Yes,Yes,Yes
380,21,W1,Medium,Medium,No,4,3,1,4,2,4,3,2,10,None,NA,,,,,,,,,,Yes,Yes
381,23,A1,Medium,Medium,Yes,3,3,2,3,3,5,7,2,31,izon,Yes,15.18527478,14.84892569,14.05491123,16.10717497,14.23261173,15.5380111,15.19160075,14.47339635,Yes,No,Yes
382,19,W1,Vhigh,Vhigh,Yes,10,7,5,5,9,4,10,6,39,None,NA,,,,,,,,,,Yes,Yes
383,19,B1,Medium,Medium,No,3,3,4,3,0,4,3,4,29,izon,Yes,14.90460208,13.56340975,15.16564129,14.74656403,14.31781306,15.03623846,12.93148777,16.50736344,Yes,No,Yes
384,20,A1,Medium,Medium,No,1,2,4,5,3,4,4,3,33,None,NA,,,,,,,,,,No,Yes
385,25,W1,Low,Low,No,2,1,1,1,1,3,2,1,35,None,NA,,,,,,,,,,No,Yes
386,25,L2,High,High,Yes,7,4,4,5,4,6,7,4,13,None,NA,,,,,,,,,,Yes,Yes
387,25,W1,Medium,Medium,No,3,3,3,2,2,5,4,1,22,izon,Yes,15.1452734,16.55685181,15.85606079,14.29185959,14.24785307,13.8738567,15.12670129,15.93877116,Yes,Yes,Yes
388,19,W2,High,High,Yes,6,6,4,2,5,7,8,6,7,izon,Yes,14.46480719,15.9957686,12.86932285,14.03699901,14.85201998,16.08929621,15.61623453,16.4436766,Yes,No,Yes
389,19,W1,High,High,Yes,4,6,4,4,2,5,5,5,11,None,NA,,,,,,,,,,No,Yes
390,18,B2,Medium,Medium,No,4,5,4,4,3,4,6,4,34,None,NA,,,,,,,,,,No,Yes
391,25,W1,Medium,Medium,Yes,1,2,1,4,3,4,6,3,1,None,NA,,,,,,,,,,No,Yes
392,22,A1,Medium,Medium,No,3,5,4,3,2,4,4,4,23,izon,No,15.83991641,,15.30824643,,12.7903094,,13.00961633,,,No,Yes
393,20,W1,Vhigh,Vhigh,Yes,9,6,7,6,8,6,9,6,47,izon,Yes,16.31050899,16.48482778,12.98870564,14.29030004,13.9856259,15.82486944,16.39721083,15.3382543,No,No,Yes
394,19,L1,Medium,Medium,Yes,5,5,3,3,1,4,2,3,22,None,NA,,,,,,,,,,Yes,Yes
395,24,W1,High,High,Yes,6,6,4,6,2,5,5,7,24,izon,Yes,16.66674059,15.4326134,15.17941889,14.49962718,14.42354717,16.87663673,15.73070927,14.43366761,Yes,No,Yes
396,19,W1,High,High,Yes,6,4,3,4,2,6,5,4,27,izon,Yes,14.68371876,14.38375484,14.51680662,15.64954096,16.20323392,15.56073601,12.89659246,14.07095237,Yes,No,Yes
397,22,B1,Medium,Medium,No,4,4,2,4,2,5,2,2,34,None,NA,,,,,,,,,,Yes,Yes
398,19,A2,Medium,Medium,No,4,5,2,3,2,3,6,3,4,None,NA,,,,,,,,,,No,Yes
399,21,A2,Medium,Medium,No,3,2,1,3,2,4,4,3,13,izon,Yes,15.12220322,14.56480766,17.05516861,14.16655333,16.55480839,13.55014847,14.59168636,17.34447933,Yes,No,Yes
400,19,W1,Vhigh,Vhigh,Yes,10,10,5,4,8,5,9,5,35,None,NA,,,,,,,,,,No,Yes
401,20,W1,Low,Low,No,2,2,1,1,2,3,2,1,12,izon,Yes,14.85021301,16.84453407,15.19284446,14.68934106,15.54393091,14.18052726,12.11358779,15.11704894,Yes,No,Yes
402,18,B1,Medium,Medium,No,5,4,4,3,1,3,4,3,0,None,NA,,,,,,,,,,No,Yes
403,25,E1,Medium,Medium,No,2,3,4,3,2,5,5,3,22,izon,Yes,14.72876553,14.83488254,13.97049183,15.40222132,13.93493235,15.25650638,15.39107023,14.43975109,No,Yes,Yes
404,18,B1,Medium,Medium,No,3,3,4,3,2,5,2,2,26,None,NA,,,,,,,,,,No,Yes
405,25,E1,High,High,Yes,5,6,3,2,4,7,8,5,15,izon,Yes,14.14108972,14.29604667,15.90641931,14.32896486,14.33615785,13.64829414,15.66479597,15.8163395,Yes,No,Yes
406,21,L1,Vhigh,Vhigh,Yes,10,7,6,8,7,6,8,6,44,izon,Yes,15.93989137,14.24667158,15.48678724,15.53092861,14.45343966,13.04294957,17.73344868,15.85725569,No,Yes,Yes
407,25,A1,Medium,Medium,No,3,5,4,3,1,3,4,3,15,None,NA,,,,,,,,,,Yes,Yes
408,24,L1,High,High,Yes,6,7,4,4,5,5,6,4,27,izon,Yes,17.60454481,14.63364277,14.92305201,15.1601767,13.02648601,15.93312094,14.32731685,15.2781294,Yes,No,Yes
409,25,W1,Medium,Medium,No,2,2,3,3,1,3,5,2,16,None,NA,,,,,,,,,,No,Yes
410,19,A2,Vhigh,Vhigh,Yes,10,8,5,6,7,6,6,6,47,None,NA,,,,,,,,,,No,Yes
411,23,W1,Vhigh,Vhigh,Yes,10,7,4,4,8,6,9,6,48,None,NA,,,,,,,,,,Yes,Yes
412,23,A1,Medium,Medium,No,2,3,3,3,3,4,6,3,13,None,NA,,,,,,,,,,No,Yes
413,22,W1,High,High,Yes,6,6,4,3,3,8,9,5,18,None,NA,,,,,,,,,,Yes,Yes
414,18,B2,High,High,Yes,6,5,7,4,5,7,8,4,5,izon,Yes,14.95187253,17.21245796,14.49450959,14.2463169,14.37740549,14.38525937,14.4015106,14.52209669,Yes,Yes,Yes
415,25,E1,Medium,Medium,Yes,2,5,4,2,1,4,3,5,11,izon,Yes,16.64525131,13.20262017,14.28304506,15.22072203,15.99274047,16.78879659,16.9096234,14.53256805,Yes,No,Yes
416,22,E1,Low,Low,No,1,2,1,1,2,3,2,1,31,izon,Yes,16.05560343,13.99012091,14.51471856,16.57304997,15.44369083,15.38316586,14.04853724,14.62480439,Yes,No,Yes
417,22,W1,Medium,Medium,No,3,3,2,3,3,5,4,3,34,None,NA,,,,,,,,,,Yes,Yes
418,22,B1,Low,Low,No,0,1,1,0,0,1,2,1,20,None,NA,,,,,,,,,,No,Yes
419,21,B1,High,High,Yes,5,5,4,2,4,6,7,6,29,None,NA,,,,,,,,,,No,Yes
420,21,A1,High,High,Yes,6,4,4,4,4,5,6,3,8,izon,Yes,15.14579586,13.83210478,15.4465987,14.63367043,13.92002227,14.2301914,16.3694065,16.01097813,No,No,Yes
421,21,E1,Medium,Medium,No,4,4,3,3,1,4,6,2,10,izon,Yes,16.45798915,14.62737155,14.76366412,14.05281809,15.61222666,15.44367789,14.51080035,15.43537305,Yes,Yes,Yes
422,25,W1,Medium,Medium,No,2,3,3,2,4,5,4,1,35,izon,Yes,16.13359424,15.67531462,14.86517955,14.14331885,16.4626172,15.40287851,15.4910412,16.16957166,Yes,No,Yes
423,19,A1,Medium,Medium,Yes,4,5,2,2,2,4,2,2,6,None,NA,,,,,,,,,,No,Yes
424,19,E2,Medium,Medium,No,2,1,4,2,3,4,5,2,26,izon,Yes,14.78230184,14.62450599,13.60100963,13.49090434,15.72775914,14.83022802,16.70089462,12.36820822,Yes,No,Yes
425,22,A2,High,High,Yes,6,4,3,3,5,6,8,6,18,izon,Yes,13.60785939,14.12755728,13.87762087,16.14620602,15.65991419,12.96336134,15.53248233,14.46727803,Yes,No,Yes
426,23,L1,Medium,Medium,No,3,2,2,2,2,4,4,3,18,None,NA,,,,,,,,,,Yes,Yes
427,25,W1,Medium,Medium,No,2,3,5,3,4,4,2,4,11,izon,Yes,14.2649326,15.7980425,16.40476869,15.87388736,16.02968531,15.55284413,15.17287178,14.7992185,No,Yes,Yes
428,19,W1,Vhigh,Vhigh,Yes,10,8,4,5,8,7,7,5,35,izon,Yes,17.42277296,14.88811967,14.33228807,14.1946265,16.94717063,15.68711214,15.06114278,12.70480845,Yes,No,Yes
429,21,A1,High,High,Yes,5,5,5,2,5,4,8,6,29,izon,Yes,16.5064454,14.60119311,15.40493244,16.37029138,14.35755083,14.42220281,16.163256,14.2643799,Yes,No,Yes
430,22,L1,Medium,Medium,No,1,3,2,2,3,5,4,2,16,izon,Yes,16.51800289,13.91502706,15.24585764,16.28082159,14.35810079,12.99059581,14.3931846,15.37037839,Yes,No,Yes
431,19,E1,Medium,Medium,Yes,5,4,3,0,2,4,3,3,2,None,NA,,,,,,,,,,Yes,Yes
432,25,W1,Medium,Medium,Yes,2,4,4,4,0,4,6,4,29,None,NA,,,,,,,,,,No,Yes
433,19,W1,Medium,Medium,No,4,2,3,2,3,3,5,2,16,None,NA,,,,,,,,,,Yes,Yes
434,20,L1,Vhigh,High,Yes,8,9,5,3,5,6,8,5,41,izon,Yes,15.67911047,16.73527432,16.31948485,14.12661081,15.16021636,13.96353503,15.35711915,15.41762715,Yes,Yes,Yes
435,18,W1,Vhigh,Vhigh,Yes,9,9,5,4,8,7,9,7,46,None,NA,,,,,,,,,,No,Yes
436,23,E2,Medium,Medium,No,3,2,2,4,1,3,2,2,24,izon,Yes,14.25746812,14.33966494,14.88761833,18.02927823,15.23740278,16.99078639,12.61973297,16.02919148,No,No,Yes
437,19,B1,Medium,Medium,Yes,3,2,2,1,2,4,4,5,2,None,NA,,,,,,,,,,No,Yes
438,20,W1,Medium,Medium,No,4,4,1,2,2,4,4,2,5,None,NA,,,,,,,,,,No,Yes
439,25,W1,Vhigh,Vhigh,Yes,10,9,4,5,6,5,6,5,44,None,NA,,,,,,,,,,No,Yes
440,18,L1,Medium,Medium,No,2,2,3,3,2,3,2,3,13,izon,Yes,14.60919828,16.45335665,14.10726404,15.48409061,14.48271791,14.07289393,16.01142481,14.78976297,Yes,No,Yes
441,25,A1,Vhigh,Vhigh,Yes,10,8,5,4,8,6,8,5,37,izon,Yes,14.97435756,13.61624893,13.73826726,15.2260994,14.50353799,15.42577407,15.37224305,14.59718468,Yes,No,Yes
442,25,A1,Vhigh,Vhigh,Yes,8,6,7,5,7,5,7,6,49,None,NA,,,,,,,,,,No,Yes
443,23,L1,Medium,Medium,No,4,5,3,3,3,3,3,4,19,None,NA,,,,,,,,,,Yes,Yes
444,22,W2,High,High,Yes,5,7,3,3,4,5,7,5,22,None,NA,,,,,,,,,,No,Yes
445,23,L2,Medium,Medium,No,5,4,3,4,3,3,4,3,4,None,NA,,,,,,,,,,No,Yes
446,19,W1,Vhigh,Vhigh,Yes,9,8,3,6,7,6,6,7,44,izon,Yes,15.36767351,16.23464942,16.82651143,13.65145183,14.20866024,13.67063033,12.9322396,13.39616325,Yes,No,Yes
447,20,W1,Medium,Medium,No,4,3,2,1,2,5,6,3,14,izon,Yes,16.06714682,14.60353877,14.78178135,13.85031737,15.83341416,16.43080257,12.2076529,16.55924923,No,Yes,Yes
448,23,W1,Vhigh,Vhigh,Yes,10,7,3,6,8,4,5,6,36,None,NA,,,,,,,,,,No,Yes
449,19,A1,High,High,Yes,6,4,4,5,2,6,6,5,21,izon,Yes,13.81959271,15.75449191,15.66459336,16.15109217,13.01605375,14.66502961,16.67489667,14.86260852,Yes,No,Yes
450,24,A1,Medium,Medium,No,2,5,4,4,2,4,6,3,14,izon,Yes,14.65438687,14.63519213,16.9539583,15.9037335,14.16507797,16.23815125,14.23719506,17.09670156,Yes,No,Yes
451,25,A1,Vhigh,Vhigh,Yes,10,9,6,5,5,5,7,5,45,izon,Yes,16.43793037,14.22639172,16.21726213,14.83951469,14.88657342,14.07994809,14.95228261,14.82153172,Yes,No,Yes
452,24,A1,High,High,Yes,6,4,5,2,5,7,6,5,17,None,NA,,,,,,,,,,Yes,Yes
453,18,L1,Medium,Medium,No,2,3,2,2,0,3,4,4,27,izon,Yes,15.74069542,12.60142228,15.54856193,14.71401363,15.62972237,14.67560274,14.29911518,14.88125994,No,No,Yes
454,19,W2,High,High,Yes,5,5,4,4,6,6,5,6,29,izon,Yes,13.20728808,15.75437658,14.41335444,15.52462531,15.73010638,14.19511094,16.46367269,15.0933705,Yes,No,Yes
455,22,A1,Vhigh,Vhigh,Yes,10,8,5,6,5,6,9,5,37,izon,Yes,14.09411476,12.45052165,16.18067836,15.56074151,15.37791883,14.02517573,15.77947201,15.72430049,Yes,No,Yes
456,18,E1,High,High,Yes,7,4,4,5,5,5,6,6,16,None,NA,,,,,,,,,,No,Yes
457,25,E1,Medium,Medium,No,3,3,2,2,4,5,2,3,21,izon,Yes,13.48239529,16.25819733,13.34837788,14.83344886,15.75519182,14.38284552,15.23853885,15.10192208,No,No,Yes
458,22,B1,Medium,Medium,Yes,3,5,5,5,3,3,4,4,30,None,NA,,,,,,,,,,No,Yes
459,18,W1,Medium,Medium,No,4,5,2,4,2,4,5,4,24,None,NA,,,,,,,,,,No,Yes
460,20,W1,Low,Low,No,0,1,1,1,1,2,3,1,31,None,NA,,,,,,,,,,No,Yes
461,18,W1,Medium,Medium,No,2,3,4,3,2,2,4,3,46,izon,Yes,13.37194122,13.74686973,15.66867844,15.59022647,16.53377365,14.89001761,13.54100275,15.19687695,Yes,No,Yes
462,25,A1,Medium,Medium,No,3,3,2,2,2,5,4,2,25,None,NA,,,,,,,,,,No,Yes
463,20,B1,Medium,Medium,No,5,2,3,4,3,5,3,1,4,izon,Yes,14.71798155,15.75161442,16.59146041,15.71280447,14.8559468,15.78355078,16.02443814,14.34463132,Yes,No,Yes
464,25,E1,Vhigh,Vhigh,Yes,9,7,5,3,7,6,7,7,48,izon,Yes,16.71364013,15.67261961,15.62983414,15.23187329,15.84754425,16.35335075,14.17013911,14.64453172,Yes,No,Yes
465,23,W1,High,High,Yes,6,5,5,2,4,4,6,5,21,None,NA,,,,,,,,,,Yes,Yes
466,20,B1,Medium,Medium,No,3,3,5,4,2,4,6,5,6,None,NA,,,,,,,,,,No,Yes
467,20,B1,Medium,Low,No,3,3,4,3,3,5,5,3,27,None,NA,,,,,,,,,,No,Yes
468,22,B1,Medium,Medium,Yes,3,5,4,2,1,4,8,4,26,None,NA,,,,,,,,,,No,Yes
469,20,B1,Medium,Medium,No,3,2,3,4,0,3,5,4,8,None,NA,,,,,,,,,,Yes,Yes
470,19,A1,High,High,Yes,6,7,3,4,5,6,6,5,21,izon,Yes,12.79203432,15.75592413,15.61107235,16.47511808,14.28751694,15.55848837,15.60626108,17.91425995,Yes,Yes,Yes
471,23,A2,Medium,Medium,Yes,1,4,2,3,1,3,4,1,32,None,NA,,,,,,,,,,No,Yes
472,19,W1,Medium,Medium,No,4,5,4,2,2,3,4,4,20,None,NA,,,,,,,,,,Yes,Yes
473,23,L1,Medium,Medium,No,2,2,4,4,3,2,4,3,23,izon,Yes,14.39255852,14.15284801,14.94859669,13.50653679,14.63952634,14.66998352,14.30373321,14.48666923,Yes,No,Yes
474,22,B1,Vhigh,Vhigh,No,8,9,5,5,7,6,6,5,47,izon,Yes,14.86211157,14.32759969,15.49659755,15.98000794,16.00572294,13.60627936,14.53030095,14.25342233,Yes,Yes,Yes
475,20,W1,High,High,Yes,5,4,3,4,4,4,5,4,15,None,NA,,,,,,,,,,No,Yes
476,22,W1,Vhigh,Vhigh,Yes,10,10,5,3,5,7,8,7,48,None,NA,,,,,,,,,,No,Yes
477,24,B1,Low,Low,No,1,1,2,2,1,1,1,1,29,None,NA,,,,,,,,,,No,Yes
478,20,W1,Vhigh,Vhigh,Yes,10,7,6,5,8,6,8,6,38,None,NA,,,,,,,,,,No,Yes
479,25,L1,Medium,Medium,No,5,2,2,3,2,5,5,2,13,None,NA,,,,,,,,,,No,Yes
480,20,A1,High,High,Yes,6,4,4,2,7,4,9,4,16,None,NA,,,,,,,,,,No,Yes
481,18,W1,Medium,Medium,No,3,2,4,4,3,4,5,5,1,izon,Yes,16.78964595,15.87302574,15.88962476,15.45791749,15.53382314,16.02285621,16.45695509,16.93998135,Yes,Yes,Yes
482,22,W1,High,High,Yes,6,5,5,4,6,7,8,4,14,izon,Yes,14.08941172,14.73613026,16.40909145,13.71784554,15.86214173,14.38080872,14.72915531,15.43302013,Yes,No,Yes
483,23,B2,High,High,Yes,5,5,5,4,2,6,7,5,34,None,NA,,,,,,,,,,No,Yes
484,18,W1,Vhigh,Vhigh,Yes,9,7,4,4,6,6,6,6,15,None,NA,,,,,,,,,,No,Yes
485,22,W1,Vhigh,Vhigh,Yes,8,7,6,5,7,7,6,4,42,None,NA,,,,,,,,,,No,Yes
486,19,W1,Medium,Medium,No,3,5,4,5,1,6,3,3,16,izon,Yes,15.79782302,12.40025278,14.04495054,13.72249597,16.33086554,16.19287848,15.69622482,15.76221852,Yes,No,Yes
487,25,B1,Medium,Medium,No,1,3,3,3,2,4,5,1,13,None,NA,,,,,,,,,,No,Yes
488,24,W1,Vhigh,Vhigh,Yes,9,8,6,6,6,6,7,6,42,izon,No,15.47008417,,13.92612084,,10.23258106,,11.74743197,,,No,Yes
489,19,B2,Medium,Medium,Yes,1,1,4,4,2,5,3,3,27,izon,Yes,15.83904435,15.08930517,16.27396606,15.72337566,13.8154076,14.53137014,15.56801675,14.81978281,Yes,No,Yes
490,24,W1,Medium,Medium,No,3,3,3,2,1,4,5,4,33,None,NA,,,,,,,,,,No,Yes
491,20,W1,Medium,Medium,No,3,4,5,3,2,3,3,5,5,None,NA,,,,,,,,,,No,Yes
492,19,B2,Vhigh,Vhigh,Yes,9,8,5,6,8,5,8,7,48,None,NA,,,,,,,,,,Yes,Yes
493,18,W1,Medium,Medium,No,2,4,3,4,0,3,4,3,34,None,NA,,,,,,,,,,No,Yes
494,22,W1,Medium,Medium,No,3,2,4,3,4,5,4,4,13,None,NA,,,,,,,,,,No,Yes
495,18,W1,Medium,Medium,No,3,4,2,3,0,5,5,5,3,izon,Yes,13.38168715,14.21681474,15.45065062,14.52606682,14.23234831,14.97478207,14.47411293,14.15647918,Yes,No,Yes
496,20,W1,Medium,Medium,No,2,4,3,3,3,5,6,4,19,None,NA,,,,,,,,,,No,Yes
497,19,W1,Medium,Medium,No,5,3,2,2,1,3,4,2,26,None,NA,,,,,,,,,,Yes,Yes
498,20,A1,Medium,Medium,No,3,3,2,4,1,5,3,5,12,izon,Yes,14.51873074,14.38000193,13.6552722,15.64885827,13.84974487,14.8138579,15.78303763,14.03970203,No,Yes,Yes
499,24,A2,Medium,Medium,No,2,4,3,2,2,3,3,4,16,None,NA,,,,,,,,,,No,Yes
500,21,A1,Medium,Medium,No,1,3,2,2,2,3,4,1,10,None,NA,,,,,,,,,,No,Yes
501,18,W1,Medium,Medium,Yes,3,3,4,3,3,6,5,5,33,None,NA,,,,,,,,,,No,Yes
502,20,B2,Medium,Medium,No,4,2,3,3,3,4,4,6,0,izon,Yes,15.16212123,14.270305,15.01118665,17.14269971,15.99944915,15.89926014,15.49901847,15.72424404,Yes,No,Yes
503,24,W1,Vhigh,Vhigh,Yes,9,7,5,6,7,4,7,3,50,izon,Yes,13.47530026,13.65590328,15.7655388,14.1214031,15.32873188,13.10093917,15.29666901,14.61559993,Yes,Yes,Yes
504,21,B2,Medium,Medium,No,3,2,2,4,3,5,5,3,17,izon,Yes,16.43064655,14.20376751,15.94409843,14.49479311,13.7964236,15.10554681,15.6200904,14.25982189,Yes,No,Yes
505,22,W1,High,High,Yes,5,3,5,5,3,6,7,5,23,izon,Yes,15.58588656,15.6607347,16.33680142,15.10329219,14.63814006,15.70231691,14.30371193,15.82559961,Yes,No,Yes
506,22,A1,Medium,Medium,No,1,3,2,2,3,2,3,3,6,izon,Yes,16.87952936,14.32801344,14.70066292,15.33049932,15.91681472,14.64794968,13.28854682,14.19081093,No,Yes,Yes
507,24,W1,Medium,Medium,No,4,2,4,3,2,2,3,4,22,None,NA,,,,,,,,,,No,Yes
508,18,B1,Medium,Medium,Yes,3,2,4,4,4,5,5,4,7,izon,Yes,13.32933583,15.39364774,15.90117691,15.93883278,14.09560441,16.51643833,13.90927272,14.16036417,No,No,Yes
509,19,A1,Medium,Medium,Yes,3,4,4,2,0,2,4,3,18,izon,Yes,14.19781631,16.05648706,14.06506035,14.71118887,15.69812257,16.90933231,15.03736255,15.88377154,Yes,Yes,Yes
510,21,B2,Medium,Medium,No,3,2,2,2,3,3,2,3,17,None,NA,,,,,,,,,,No,Yes
511,25,E1,Medium,Medium,No,3,1,5,3,0,4,4,4,7,None,NA,,,,,,,,,,No,Yes
512,24,W1,High,High,Yes,5,7,4,5,5,5,7,6,18,izon,Yes,14.88099531,14.8066353,13.17982049,15.09706162,15.20702015,14.5856531,14.5226466,14.41572771,No,Yes,Yes
513,22,B2,Medium,Medium,No,2,3,4,4,4,4,5,2,33,None,NA,,,,,,,,,,No,Yes
514,21,B1,Medium,Medium,No,3,4,2,1,2,3,6,6,20,izon,Yes,14.78562427,12.70434002,16.29537664,15.03639326,16.17646696,14.01629501,14.62917388,15.53967417,Yes,No,Yes
515,19,W1,Medium,Medium,Yes,3,2,3,5,0,6,7,2,15,izon,Yes,14.59764789,14.25185947,14.74401313,15.34123377,15.63899604,15.05969365,13.92631743,15.89826047,No,No,Yes
516,22,A1,High,High,Yes,6,5,4,4,5,7,5,7,34,None,NA,,,,,,,,,,Yes,Yes
517,20,E1,Medium,Medium,No,3,2,4,3,1,5,6,3,32,None,NA,,,,,,,,,,No,Yes
518,24,B1,Vhigh,Vhigh,Yes,10,9,6,6,7,7,8,7,36,izon,Yes,16.49303321,14.91861614,14.73298432,13.59745427,14.13625856,17.96317264,15.74310039,14.44049581,Yes,No,Yes
519,21,B2,Medium,Medium,No,4,4,2,2,2,5,6,5,26,izon,Yes,15.28885602,17.98186583,15.45571077,17.38889711,14.79574847,12.40733112,14.61383737,13.9587522,Yes,No,Yes
520,20,E2,Medium,Medium,Yes,5,2,5,4,3,5,8,4,35,None,NA,,,,,,,,,,No,Yes
521,19,E1,Medium,Medium,No,1,3,3,5,2,3,2,3,30,izon,Yes,14.73762027,15.44162118,13.33436379,16.65048196,15.8764579,15.88101845,15.81172068,16.26064835,Yes,Yes,Yes
522,22,B1,Vhigh,Vhigh,Yes,9,9,4,4,7,7,10,6,42,izon,Yes,14.95099293,15.83257839,15.15228463,14.11514777,16.19031761,16.17697352,16.13164667,12.68749154,Yes,No,Yes
523,24,W1,High,High,Yes,6,4,4,4,5,7,7,5,33,None,NA,,,,,,,,,,Yes,Yes
524,23,B1,Medium,Medium,No,3,3,4,3,3,5,3,2,15,None,NA,,,,,,,,,,No,Yes
525,24,W1,Medium,Medium,Yes,4,2,4,4,2,4,4,3,13,izon,Yes,14.9930535,14.32318966,14.63196651,13.86891071,16.35456274,15.75112038,15.56399986,13.69145525,Yes,No,Yes
526,21,W1,Medium,Medium,No,4,2,3,3,2,4,4,2,26,izon,Yes,15.70141577,16.14801963,14.42853298,13.16043629,14.38226838,14.53668634,14.33121891,13.73978779,Yes,No,Yes
527,19,W1,Medium,Medium,No,4,3,3,2,2,5,4,2,7,izon,Yes,15.50253666,14.24940748,15.53241502,16.99625388,14.40237658,15.21456558,14.75572744,15.25373888,Yes,No,Yes
528,19,W1,Medium,Medium,Yes,2,4,3,4,1,5,4,3,31,izon,Yes,13.94925746,14.30460014,16.45422581,13.71269315,14.13507739,13.91299572,16.6450771,13.81718317,Yes,No,Yes
529,23,B2,Medium,Medium,No,1,2,3,1,0,3,4,2,5,izon,Yes,15.91650076,14.85962889,15.14948267,13.91912198,15.82799543,14.85884742,15.30085256,14.52415256,Yes,No,Yes
530,23,W1,Medium,Medium,No,3,4,3,3,3,5,3,2,33,None,NA,,,,,,,,,,Yes,Yes
531,20,B2,Vhigh,Vhigh,Yes,10,8,4,2,5,6,6,6,42,None,NA,,,,,,,,,,No,Yes
532,22,W2,Medium,Medium,No,3,3,4,5,2,3,2,4,13,None,NA,,,,,,,,,,No,Yes
533,19,W1,Medium,Medium,Yes,3,1,4,2,3,5,3,4,26,izon,Yes,15.69840857,15.34213517,14.17740554,13.27159616,15.42019,15.90022991,14.71213899,12.19923644,Yes,Yes,Yes
534,19,A1,Medium,Medium,No,4,3,2,4,2,4,5,4,26,None,NA,,,,,,,,,,Yes,Yes
535,19,W1,Low,Low,No,1,1,1,1,1,3,2,2,18,None,NA,,,,,,,,,,No,Yes
536,23,B1,Medium,Medium,No,2,2,2,2,3,5,3,3,28,None,NA,,,,,,,,,,No,Yes
537,18,W1,High,High,Yes,8,5,5,3,5,6,7,5,39,izon,Yes,13.77414408,16.56461451,15.43110086,13.84258587,14.12207861,14.01718668,12.66666821,13.68880298,Yes,No,Yes
538,25,L1,Medium,Medium,No,5,4,3,3,1,4,3,3,24,None,NA,,,,,,,,,,No,Yes
539,24,A1,Medium,Medium,No,1,3,3,3,1,2,5,2,4,izon,Yes,15.56765467,13.92990357,14.13189306,15.1260651,13.10904589,15.89137085,15.09844165,12.2079919,Yes,No,Yes
540,20,E2,Medium,Medium,Yes,3,3,4,2,0,3,5,2,35,izon,Yes,17.05809245,15.35746893,15.69664437,14.49354249,15.06860791,14.6573264,14.28816125,14.27125831,Yes,No,Yes
541,20,E1,Medium,Medium,No,4,3,3,4,0,4,6,4,3,None,NA,,,,,,,,,,No,Yes
542,24,W1,High,High,Yes,6,5,3,6,4,6,8,7,24,None,NA,,,,,,,,,,No,Yes
543,19,W1,Medium,Medium,Yes,3,3,4,2,1,4,4,3,10,izon,Yes,14.95352642,14.85645518,15.45028319,15.07881643,15.18963006,13.99704458,14.68036896,14.77321942,Yes,No,Yes
544,24,B1,Medium,Medium,No,3,3,3,3,2,3,2,2,12,izon,Yes,16.26891541,17.18521611,13.83818544,13.91035405,14.92720234,13.65945546,14.6548688,15.0327141,Yes,No,Yes
545,23,W1,Medium,Medium,No,2,4,3,5,0,3,5,3,27,None,NA,,,,,,,,,,Yes,Yes
546,20,W1,High,High,Yes,6,6,3,4,4,4,8,4,20,None,NA,,,,,,,,,,No,Yes
547,19,E1,Medium,Medium,No,4,2,3,3,1,4,3,2,8,None,NA,,,,,,,,,,Yes,Yes
548,18,W1,Medium,Medium,No,2,3,4,3,3,5,5,3,23,None,NA,,,,,,,,,,No,Yes
549,20,E1,Medium,Medium,No,2,2,3,2,0,2,4,4,31,izon,Yes,14.60405122,16.7746287,15.85873601,14.99534534,12.25604338,15.68185755,15.33249189,13.72295482,No,No,Yes
550,22,W2,Medium,Medium,No,4,3,3,3,2,5,4,4,13,None,NA,,,,,,,,,,No,Yes
551,22,A1,Medium,Medium,Yes,4,4,3,5,2,3,4,3,13,None,NA,,,,,,,,,,No,Yes
552,23,B1,Medium,Medium,No,3,3,3,3,1,6,5,5,7,izon,Yes,13.69329304,15.13671784,15.54202982,14.5656662,15.69009801,15.86549101,15.9589858,13.03039134,Yes,No,Yes
553,19,B1,High,High,Yes,5,5,3,1,2,5,7,6,12,izon,Yes,13.15063287,14.47826919,14.71629528,14.12484619,15.38087155,14.09038271,17.14804194,14.24971526,Yes,No,Yes
554,18,W1,Medium,Medium,No,2,2,3,3,2,3,3,3,31,None,NA,,,,,,,,,,No,Yes
555,23,B1,Medium,Medium,Yes,3,4,4,2,4,6,6,4,23,izon,Yes,14.5873079,16.31958826,17.63607947,14.46203792,15.61671819,14.54342242,14.29280893,15.52823534,Yes,No,Yes
556,21,E1,High,High,Yes,5,6,3,3,4,6,6,5,27,izon,Yes,16.67528175,15.88890976,15.63148802,14.45336556,16.78362846,14.89411502,14.84416465,16.70767074,Yes,No,Yes
557,22,W1,High,High,Yes,5,6,4,4,4,6,5,5,12,None,NA,,,,,,,,,,Yes,Yes
558,23,E2,High,High,Yes,6,6,5,5,4,5,8,5,1,None,NA,,,,,,,,,,No,Yes
559,23,W2,Vhigh,Vhigh,Yes,9,9,4,5,6,7,7,5,36,None,NA,,,,,,,,,,No,Yes
560,24,W1,Medium,High,Yes,3,2,2,3,3,2,5,3,26,None,NA,,,,,,,,,,No,Yes
561,23,A1,Medium,Medium,No,3,2,2,3,1,3,2,2,15,izon,Yes,14.19435856,15.86253144,15.86904445,14.12545012,15.11584645,15.53168383,15.13527609,15.56590732,Yes,No,Yes
562,20,A2,Medium,Medium,No,3,3,3,2,2,4,5,2,9,izon,Yes,14.15268443,15.798212,15.44364152,16.00491274,16.30053965,16.61670236,15.16384466,16.45877066,Yes,No,Yes
563,19,B2,Medium,Medium,No,2,1,3,3,2,5,2,4,16,izon,Yes,15.69320016,15.53581411,14.04047121,15.90933325,14.14488751,14.91808851,13.88230901,16.84281651,Yes,No,Yes
564,21,E2,Medium,Medium,No,4,3,4,2,4,3,4,4,25,None,NA,,,,,,,,,,Yes,Yes
565,19,W1,Medium,Medium,No,4,3,3,2,2,4,4,3,6,None,NA,,,,,,,,,,No,Yes
566,21,B2,Medium,Medium,No,3,3,1,3,2,4,4,3,7,izon,Yes,13.77809551,14.63829614,15.92690589,13.45701204,13.36199563,15.16972269,14.45727549,16.24711951,Yes,No,Yes
567,22,W1,Medium,Medium,No,5,5,5,2,3,6,3,5,20,None,NA,,,,,,,,,,No,Yes
568,23,E1,Vhigh,Vhigh,Yes,10,8,5,6,7,7,7,5,50,None,NA,,,,,,,,,,No,Yes
569,20,W1,High,High,Yes,5,6,6,5,4,5,7,5,14,None,NA,,,,,,,,,,No,Yes
570,19,W1,Medium,Medium,No,2,5,3,3,2,4,5,4,10,None,NA,,,,,,,,,,No,Yes
571,24,E1,High,High,Yes,7,6,3,4,5,6,8,5,30,izon,Yes,14.66074422,14.95467421,15.75287338,17.16450767,15.33585153,14.89377663,15.70651398,15.14903301,No,No,Yes
572,18,W1,Vhigh,Vhigh,Yes,8,8,4,4,10,6,6,7,36,None,NA,,,,,,,,,,No,Yes
573,24,E1,Medium,Medium,No,4,2,2,4,4,4,4,2,29,izon,Yes,14.01090345,15.74214357,16.23444636,13.90379972,13.29541671,14.02854632,15.79328603,14.62120907,Yes,No,Yes
574,18,W1,Vhigh,Vhigh,Yes,9,9,5,6,7,7,6,7,19,None,NA,,,,,,,,,,No,Yes
575,23,E1,Medium,Medium,No,4,4,3,3,2,5,6,2,21,None,NA,,,,,,,,,,No,Yes
576,22,W2,Medium,Medium,Yes,2,2,2,2,2,4,5,4,17,None,NA,,,,,,,,,,No,Yes
577,18,W1,High,High,Yes,4,4,6,5,2,6,7,6,8,izon,Yes,15.33538831,16.21632453,13.83951303,14.29524947,17.00657141,14.13285786,15.17852909,16.21991444,Yes,No,Yes
578,25,B2,High,High,Yes,6,6,4,4,5,5,7,4,21,izon,Yes,14.84510775,15.73382494,15.20134857,15.025409,12.51859627,15.55958574,14.50185471,14.99633598,Yes,No,Yes
579,18,B1,High,High,Yes,7,4,4,4,4,7,7,5,29,izon,Yes,16.55660626,15.56088704,16.91298979,15.06616351,15.33681518,12.89834627,14.57491328,15.21604057,Yes,No,Yes
580,18,B1,Vhigh,Vhigh,Yes,10,8,7,5,7,6,7,5,35,None,NA,,,,,,,,,,No,Yes
581,18,L1,Medium,Medium,No,2,4,2,4,3,3,5,3,23,izon,Yes,14.80485846,14.86016274,14.07859162,15.75221388,16.23727397,17.04360962,13.19899991,15.46245743,Yes,No,Yes
582,20,A1,Medium,Medium,Yes,5,5,3,4,2,3,4,3,16,None,NA,,,,,,,,,,No,Yes
583,19,B1,Medium,Medium,No,4,2,2,3,0,5,2,2,28,izon,Yes,14.47755731,14.4874512,15.75381028,15.11232305,15.32865757,15.73610454,15.61894633,14.77705806,Yes,Yes,Yes
584,18,B1,Medium,Medium,No,3,2,1,2,1,4,5,3,15,None,NA,,,,,,,,,,No,Yes
585,25,L1,High,Vhigh,Yes,7,6,4,4,4,7,6,4,12,izon,Yes,16.27681916,13.91571897,16.55556582,14.23715945,15.79518084,15.2433716,16.10327344,14.19590169,Yes,Yes,Yes
586,22,E1,Vhigh,Vhigh,Yes,10,9,4,6,7,6,8,4,42,None,NA,,,,,,,,,,No,Yes
587,24,B1,High,High,Yes,6,6,5,3,5,6,7,6,2,None,NA,,,,,,,,,,No,Yes
588,19,W1,High,High,No,5,6,6,4,3,8,8,3,14,None,NA,,,,,,,,,,Yes,Yes
589,25,A2,High,High,Yes,7,3,4,3,4,5,7,5,15,None,NA,,,,,,,,,,No,Yes
590,22,B2,Medium,Low,No,2,2,3,2,1,4,4,3,11,izon,Yes,15.20215968,14.4216323,13.71607502,15.1942173,14.7182049,15.32378606,15.2226553,14.00006313,Yes,No,Yes
591,21,W1,Vhigh,Vhigh,Yes,10,9,7,5,8,5,8,9,41,None,NA,,,,,,,,,,No,Yes
592,22,W1,Vhigh,Vhigh,Yes,10,8,6,3,5,5,5,6,49,izon,Yes,15.42340598,14.89850124,14.16391773,15.01139935,15.84014314,16.92268527,15.75568651,14.35609486,Yes,Yes,Yes
593,25,L1,High,High,Yes,6,4,3,5,4,8,7,3,26,None,NA,,,,,,,,,,Yes,Yes
594,19,B1,Medium,Medium,No,4,2,3,4,3,3,4,4,20,None,NA,,,,,,,,,,No,Yes
595,19,W1,Medium,Medium,No,3,2,2,2,2,5,3,3,28,None,NA,,,,,,,,,,No,Yes
596,19,W1,High,High,Yes,6,5,4,4,5,8,7,3,6,None,NA,,,,,,,,,,No,Yes
597,24,W1,Medium,Medium,No,3,1,2,4,2,4,5,3,18,None,NA,,,,,,,,,,No,Yes
598,21,W1,Vhigh,Vhigh,Yes,10,9,7,4,7,7,8,7,37,None,NA,,,,,,,,,,No,Yes
599,20,B1,Vhigh,Vhigh,Yes,10,7,5,5,7,6,4,7,49,None,NA,,,,,,,,,,No,Yes
600,22,B1,Medium,Medium,No,2,2,2,5,0,5,6,3,7,None,NA,,,,,,,,,,No,Yes
601,24,A1,Medium,Medium,No,3,2,3,3,1,6,3,2,31,izon,Yes,15.45796343,15.6604591,14.35876455,15.29563221,15.30795342,15.58280027,13.89895737,14.83953301,Yes,No,Yes
602,23,A1,Medium,Medium,No,2,3,2,5,0,5,3,3,13,None,NA,,,,,,,,,,No,Yes
603,21,L1,Medium,Medium,Yes,5,2,2,1,1,5,6,3,29,None,NA,,,,,,,,,,No,Yes
604,21,B2,High,High,Yes,6,6,3,4,2,6,6,5,7,izon,Yes,14.15135793,17.33698123,15.04790345,14.27928633,16.0992746,14.31053446,14.63982682,16.00240714,No,Yes,Yes
605,22,W1,Medium,Medium,No,3,1,4,2,3,3,4,4,21,izon,Yes,15.33745226,15.13994731,15.56970402,15.82623853,13.4865153,13.70515992,14.56944606,14.37722659,No,Yes,Yes
606,23,W1,Vhigh,Vhigh,Yes,10,9,5,4,9,6,7,6,41,None,NA,,,,,,,,,,No,Yes
607,19,A1,Medium,Medium,No,2,3,4,4,2,5,5,4,8,None,NA,,,,,,,,,,Yes,Yes
608,22,E1,Medium,Medium,No,3,2,3,4,2,4,4,3,10,None,NA,,,,,,,,,,No,Yes
609,20,L1,Medium,Medium,No,4,2,1,3,3,5,6,4,22,None,NA,,,,,,,,,,Yes,Yes
610,21,W1,Medium,Medium,No,2,4,4,3,3,4,5,4,0,None,NA,,,,,,,,,,No,Yes
611,21,A1,High,High,Yes,5,4,3,5,4,7,8,6,1,izon,Yes,14.89018449,13.95547754,16.93903283,13.60614415,15.32200563,14.73950334,13.96476266,15.45717108,Yes,No,Yes
612,19,W1,High,High,No,6,4,4,4,5,8,8,6,27,None,NA,,,,,,,,,,No,Yes
613,18,W1,Medium,Medium,No,5,3,3,2,3,4,3,2,16,None,NA,,,,,,,,,,Yes,Yes
614,23,W1,Medium,Medium,Yes,3,5,2,1,2,5,3,3,2,izon,Yes,12.1993246,13.8491555,15.59877071,15.89595238,17.08560918,16.34160864,13.64607065,16.15865374,No,No,Yes
615,24,W1,Low,Low,No,1,1,1,1,1,2,2,1,19,izon,Yes,14.15680633,16.44143803,12.66155983,14.50189288,15.98256767,13.81087653,15.83962032,14.37753497,Yes,No,Yes
616,22,W1,Medium,Medium,No,3,4,4,4,2,4,2,3,29,None,NA,,,,,,,,,,No,Yes
617,24,W1,High,High,Yes,6,6,3,4,3,8,8,7,28,None,NA,,,,,,,,,,No,Yes
618,22,E1,High,High,Yes,7,6,5,3,5,7,10,5,28,None,NA,,,,,,,,,,Yes,Yes
619,22,L1,Medium,Medium,No,4,3,4,3,2,4,3,5,11,None,NA,,,,,,,,,,No,Yes
620,18,W1,Vhigh,Vhigh,Yes,10,7,5,2,8,7,7,5,43,izon,Yes,15.50767211,16.10964252,15.65511712,14.45024337,14.23817255,14.2210118,13.08776663,15.42671098,Yes,Yes,Yes
621,22,E1,Medium,Medium,No,2,4,2,4,1,4,4,2,11,None,NA,,,,,,,,,,Yes,Yes
622,18,B1,Medium,Medium,No,2,3,3,3,1,4,4,4,11,izon,Yes,14.81603904,16.0749345,13.2526166,12.50402842,17.17495262,15.66095322,14.96768046,14.79515592,Yes,No,Yes
623,25,W1,Medium,Medium,No,3,3,3,2,1,4,6,2,7,None,NA,,,,,,,,,,No,Yes
624,21,B1,Medium,Medium,Yes,4,1,2,3,1,2,6,2,34,None,NA,,,,,,,,,,No,Yes
625,20,W1,High,High,Yes,5,5,4,4,2,5,7,6,32,None,NA,,,,,,,,,,No,Yes
626,19,B1,Medium,Medium,No,3,4,3,3,2,3,3,3,0,None,NA,,,,,,,,,,No,Yes
627,24,E1,Medium,Medium,No,3,1,3,3,2,4,6,4,9,None,NA,,,,,,,,,,No,Yes
628,24,A1,Medium,Medium,No,5,1,5,5,3,4,3,1,16,None,NA,,,,,,,,,,Yes,Yes
629,18,B1,Medium,Medium,No,3,4,2,2,3,5,4,4,31,izon,Yes,15.7681494,15.51350068,15.20758853,14.8477563,14.90296325,16.92743326,13.25738695,14.47540356,Yes,Yes,Yes
630,18,W1,Medium,Medium,No,5,1,1,4,3,4,4,3,3,izon,Yes,15.10556847,13.61453894,15.59873194,14.82970571,16.38064865,15.70077365,12.68849758,14.00466028,No,No,Yes
631,20,L2,Medium,Medium,No,3,4,4,3,2,3,4,3,3,izon,Yes,13.74175599,14.00125334,13.71906641,15.42915772,14.6383561,14.62558168,13.60310362,16.92225696,Yes,No,Yes
632,20,E1,Low,Low,No,1,1,1,2,2,2,2,1,15,None,NA,,,,,,,,,,No,Yes
633,23,W1,Medium,Medium,No,4,3,3,4,4,3,4,4,34,None,NA,,,,,,,,,,Yes,Yes
634,22,B2,High,High,Yes,6,6,5,5,3,5,5,6,4,None,NA,,,,,,,,,,No,Yes
635,23,A1,Medium,Medium,No,3,4,3,2,1,5,4,4,1,izon,No,16.23796661,,14.9794554,,12.31551841,,11.92704079,,,Yes,Yes
636,18,W1,High,High,No,6,5,4,3,4,6,4,5,33,izon,Yes,13.7260948,15.40693786,14.54248928,14.73761666,18.16696128,14.08107733,14.60160065,15.2578185,No,Yes,Yes
637,18,W1,High,High,Yes,5,6,3,2,3,6,7,6,13,izon,Yes,14.93992427,13.12830619,16.56743391,16.90361992,15.05892433,14.65951087,14.23967028,13.61643755,Yes,No,Yes
638,25,B1,Low,Low,No,0,1,1,1,1,2,1,1,12,izon,Yes,14.98876549,14.75046763,15.51825973,14.23957417,16.16770091,14.04476461,14.73631627,14.51673082,Yes,No,Yes
639,23,W1,High,High,Yes,5,4,3,6,4,4,8,4,28,None,NA,,,,,,,,,,No,Yes
640,22,W1,Medium,Medium,No,2,4,3,2,2,5,3,2,0,izon,No,8.400624605,,10.76808795,,8.307170664,,6.929499677,,,No,Yes
641,24,B1,Medium,Medium,No,2,4,3,4,1,5,4,5,5,izon,No,9.777036008,,10.43979003,,8.272673693,,8.798059391,,,No,Yes
642,25,L1,Vhigh,Vhigh,Yes,7,9,6,4,7,6,8,7,19,None,NA,,,,,,,,,,No,Yes
643,19,E1,Medium,Medium,Yes,4,4,1,2,2,5,4,5,10,izon,Yes,11.28165564,14.39746124,8.872992693,13.41203581,9.000307163,11.68836206,12.07064748,10.90475994,Yes,No,Yes
644,23,W1,Medium,Medium,No,2,2,5,2,1,4,5,4,4,None,NA,,,,,,,,,,No,Yes
645,25,A1,Medium,Medium,Yes,5,2,4,2,2,3,4,3,18,izon,Yes,9.4970015,12.53016747,11.53281868,12.41771218,9.502500801,9.885405889,9.242240501,8.848101365,Yes,Yes,Yes
646,22,B2,Medium,Medium,No,1,4,3,3,2,4,5,3,4,None,NA,,,,,,,,,,Yes,Yes
647,23,L1,High,High,Yes,6,3,1,4,2,4,6,4,14,None,NA,,,,,,,,,,Yes,Yes
648,21,E1,High,High,Yes,4,5,3,6,5,5,6,7,35,None,NA,,,,,,,,,,Yes,Yes
649,24,W1,High,High,No,6,6,3,4,3,6,7,6,29,None,NA,,,,,,,,,,Yes,Yes
650,18,W2,High,High,Yes,6,5,6,4,4,5,7,5,18,None,NA,,,,,,,,,,Yes,Yes
651,21,A1,Medium,Medium,Yes,3,2,3,3,2,4,5,2,23,None,NA,,,,,,,,,,Yes,Yes
652,24,W1,Vhigh,Vhigh,Yes,10,8,7,4,7,7,9,6,50,None,NA,,,,,,,,,,Yes,Yes
653,22,W1,Vhigh,Vhigh,Yes,10,8,5,5,6,5,5,5,35,None,NA,,,,,,,,,,Yes,Yes
654,24,W1,Medium,Medium,No,2,2,2,2,1,5,3,5,34,None,NA,,,,,,,,,,Yes,Yes
655,23,A1,Medium,Medium,No,2,3,3,3,2,4,3,2,33,None,NA,,,,,,,,,,Yes,Yes
656,25,B1,High,High,Yes,6,5,4,6,6,5,5,6,15,izon,No,8.809312148,,7.961486872,,6.080800756,,8.581488647,,,Yes,Yes
657,23,W1,Vhigh,Vhigh,Yes,7,10,5,5,6,7,8,6,28,None,NA,,,,,,,,,,Yes,Yes
658,23,W1,Medium,Medium,Yes,2,3,3,3,3,4,3,3,18,None,NA,,,,,,,,,,Yes,Yes
659,23,L1,Vhigh,Vhigh,Yes,10,8,5,6,7,7,8,7,38,izon,Yes,8.381466101,13.24725836,8.965551672,14.11690195,9.745666051,10.31235594,10.36224564,10.9549242,Yes,Yes,Yes
660,23,A1,High,High,Yes,6,6,4,5,4,6,6,4,23,None,NA,,,,,,,,,,Yes,Yes
661,21,W1,High,Medium,Yes,6,5,3,3,4,6,8,2,20,None,NA,,,,,,,,,,Yes,Yes
662,18,B1,Medium,Medium,No,3,3,4,3,2,2,4,3,21,izon,No,11.03673433,,11.35043711,,5.844767578,,6.803385989,,,Yes,Yes
663,21,W1,High,High,Yes,7,6,4,5,2,7,6,5,27,None,NA,,,,,,,,,,Yes,Yes
664,24,W1,Low,Medium,No,1,1,0,1,2,2,2,1,12,None,NA,,,,,,,,,,Yes,Yes
665,24,W1,High,High,Yes,6,6,5,2,3,6,5,8,13,None,NA,,,,,,,,,,Yes,Yes
666,24,L1,High,High,Yes,5,6,4,5,4,7,7,4,28,None,NA,,,,,,,,,,Yes,Yes
667,25,W1,Vhigh,Vhigh,Yes,9,7,5,6,7,6,7,7,49,None,NA,,,,,,,,,,Yes,Yes
668,23,W1,Vhigh,Vhigh,Yes,10,6,5,5,8,8,7,7,41,izon,Yes,10.20710028,11.51855044,11.42351981,12.45250498,10.68772374,10.59996208,9.868767024,10.7649286,No,Yes,Yes
669,21,A1,Medium,Medium,No,1,3,3,2,1,4,4,4,7,None,NA,,,,,,,,,,Yes,Yes
670,19,W1,Medium,Medium,No,4,3,4,2,2,3,7,4,22,None,NA,,,,,,,,,,Yes,Yes
671,25,B1,Medium,High,Yes,3,4,3,3,2,4,3,2,18,None,NA,,,,,,,,,,Yes,Yes
672,20,W1,High,High,Yes,6,6,5,5,3,6,7,5,20,None,NA,,,,,,,,,,Yes,Yes
673,22,W1,High,High,Yes,6,3,5,5,4,6,7,5,1,None,NA,,,,,,,,,,Yes,Yes
674,21,E1,Medium,Medium,Yes,3,0,4,3,4,5,7,4,15,izon,Yes,9.408694884,12.42798313,9.221830063,13.74778781,11.09001418,8.886782738,7.991749001,10.79797434,Yes,Yes,Yes
675,22,W1,Vhigh,Vhigh,Yes,10,8,3,4,9,6,8,7,35,izon,No,9.461307422,,11.93463078,,5.313740337,,5.926431261,,,Yes,Yes
676,25,L1,Medium,Medium,No,1,3,4,2,3,3,5,3,5,izon,Yes,10.76050227,13.04340811,9.06957027,13.06116274,10.05785898,10.97366865,9.959226724,10.6478401,No,Yes,Yes
677,21,E1,Medium,Medium,No,3,3,1,1,2,5,3,2,1,None,NA,,,,,,,,,,Yes,Yes
678,18,L1,Medium,Medium,No,3,5,3,3,3,4,4,3,42,None,NA,,,,,,,,,,Yes,Yes
679,23,B1,Medium,Medium,No,2,4,2,3,2,4,4,3,15,izon,Yes,9.677859281,13.3262276,8.833877861,14.25909411,9.61808631,10.98643927,9.65035767,10.3916685,Yes,Yes,Yes
680,21,L1,High,High,No,7,5,4,4,5,6,8,6,35,izon,No,11.13210574,,10.64164962,,6.129834081,,7.412916372,,,Yes,Yes
681,19,W1,Medium,Medium,No,3,4,2,5,1,2,3,5,13,None,NA,,,,,,,,,,Yes,Yes
682,20,E1,Medium,Medium,No,4,3,5,5,2,2,4,5,1,izon,No,11.25963905,,11.45202995,,6.205645936,,6.274679984,,,Yes,Yes
683,18,W1,Low,Low,No,0,1,0,1,1,3,2,0,14,None,NA,,,,,,,,,,Yes,Yes
684,25,L1,Medium,Medium,No,5,3,1,2,1,2,5,3,7,None,NA,,,,,,,,,,Yes,Yes
685,18,W1,Medium,Medium,No,2,2,2,5,2,4,4,2,26,izon,Yes,9.874621266,12.66177756,10.34579704,13.86399288,9.893331165,9.574433508,10.53980975,9.905739373,Yes,Yes,Yes
686,22,W1,Medium,Medium,No,3,6,4,3,0,1,2,5,23,None,NA,,,,,,,,,,Yes,Yes
687,22,A2,High,High,Yes,5,5,3,3,4,6,6,5,22,izon,No,9.846806383,,8.879254273,,5.181427535,,6.075533706,,,Yes,Yes
688,23,W1,Medium,Medium,No,4,4,4,5,3,6,6,1,1,None,NA,,,,,,,,,,Yes,Yes
689,20,W1,Low,Low,No,1,1,1,2,1,3,2,0,23,izon,Yes,9.646435007,12.81805368,9.939445214,13.7683637,12.36976416,9.626463165,9.918991387,10.77889854,Yes,Yes,Yes
690,24,A1,Medium,Medium,Yes,5,2,2,2,1,4,7,2,6,None,NA,,,,,,,,,,Yes,Yes
691,20,A1,High,High,Yes,5,5,4,4,3,4,10,5,34,None,NA,,,,,,,,,,Yes,Yes
692,23,L1,Vhigh,Vhigh,Yes,10,8,4,8,6,7,8,5,36,None,NA,,,,,,,,,,Yes,Yes
693,25,A1,Medium,Medium,Yes,5,2,1,2,4,2,4,4,16,izon,No,10.3735855,,10.21740709,,7.075196199,,7.690130208,,,Yes,Yes
694,22,W1,Vhigh,Vhigh,Yes,10,9,5,4,6,8,8,7,42,None,NA,,,,,,,,,,Yes,Yes
695,21,B1,Medium,Medium,No,3,4,4,4,1,7,4,2,33,izon,No,11.45738357,,9.525163237,,5.251506466,,7.254670858,,,Yes,Yes
696,25,W1,Medium,Medium,Yes,3,2,5,3,1,5,4,3,26,None,NA,,,,,,,,,,Yes,Yes
697,23,W1,High,High,Yes,6,5,4,3,5,5,7,5,15,None,NA,,,,,,,,,,Yes,Yes
698,19,L2,Medium,Medium,No,5,4,2,3,2,3,4,2,29,None,NA,,,,,,,,,,Yes,Yes
699,25,W1,Medium,Medium,Yes,2,4,3,1,2,5,5,3,27,None,NA,,,,,,,,,,Yes,Yes
700,23,A2,Vhigh,High,Yes,10,9,5,5,6,5,6,5,47,None,NA,,,,,,,,,,Yes,Yes
701,25,W1,Medium,Medium,No,3,4,4,3,1,4,4,3,32,None,NA,,,,,,,,,,Yes,Yes
702,24,W1,Medium,Medium,No,2,2,2,3,0,4,4,2,2,izon,Yes,11.11352778,11.78539056,12.19926568,13.17626949,10.2822628,11.41319149,9.566733313,10.68966817,No,Yes,Yes
703,24,W1,High,High,Yes,6,6,3,4,5,5,8,5,28,None,NA,,,,,,,,,,Yes,Yes
704,24,W1,Low,Low,No,1,1,1,1,1,2,1,1,49,izon,Yes,8.151912774,13.40329609,9.844041966,13.0190047,11.79409952,8.049328922,9.796101489,9.372593019,Yes,Yes,Yes
705,21,A1,Medium,Medium,No,3,2,2,4,2,4,5,4,27,None,NA,,,,,,,,,,Yes,Yes
706,24,L1,High,High,Yes,5,3,5,6,4,5,6,6,11,None,NA,,,,,,,,,,Yes,Yes
707,22,B1,High,High,Yes,5,3,4,2,4,7,10,5,10,None,NA,,,,,,,,,,Yes,Yes
708,21,W1,High,High,Yes,5,4,3,4,2,8,5,4,32,izon,Yes,9.075073004,13.77283827,11.10880104,13.91490034,9.526830014,12.2100461,10.24856474,11.85451463,Yes,Yes,Yes
709,25,W2,Medium,Medium,Yes,3,4,2,4,1,4,5,2,1,None,NA,,,,,,,,,,Yes,Yes
710,25,E1,Medium,Medium,No,4,2,5,4,2,4,6,3,16,None,NA,,,,,,,,,,No,Yes
711,21,A1,High,High,Yes,6,6,5,5,4,7,7,6,31,None,NA,,,,,,,,,,Yes,Yes
712,18,E1,Medium,Medium,No,3,3,3,3,3,5,3,3,33,None,NA,,,,,,,,,,Yes,Yes
713,22,L1,Medium,Medium,No,3,4,2,2,1,5,5,2,25,izon,Yes,10.0598902,10.24847505,9.753041506,11.69492039,10.29788558,11.4483462,8.345716557,10.06562273,No,Yes,Yes
714,20,A1,Medium,Medium,No,2,4,2,3,2,4,4,3,24,izon,Yes,11.37387916,14.1154941,9.248650458,13.02997518,8.992490571,8.57457902,9.346794972,8.785998616,Yes,Yes,Yes
715,19,E1,Medium,Medium,Yes,5,3,4,5,3,3,6,4,28,None,NA,,,,,,,,,,Yes,Yes
716,20,W1,Medium,Medium,No,4,4,2,4,2,4,4,4,19,None,NA,,,,,,,,,,Yes,Yes
717,18,B1,Medium,Medium,No,3,3,3,3,1,4,5,2,12,None,NA,,,,,,,,,,Yes,Yes
718,20,A1,Medium,Medium,No,4,4,2,2,3,6,4,2,26,None,NA,,,,,,,,,,Yes,Yes
719,23,B1,Vhigh,Vhigh,Yes,9,10,4,6,9,8,8,7,43,None,NA,,,,,,,,,,Yes,Yes
720,25,A1,High,High,Yes,5,6,5,4,4,6,6,6,8,None,NA,,,,,,,,,,Yes,Yes
721,25,W2,High,High,Yes,6,6,3,5,4,5,7,5,19,None,NA,,,,,,,,,,Yes,Yes
722,22,B1,Vhigh,Vhigh,Yes,10,7,5,4,6,6,7,6,47,None,NA,,,,,,,,,,Yes,Yes
723,18,A1,Medium,Medium,No,4,5,3,4,4,3,3,3,28,None,NA,,,,,,,,,,Yes,Yes
724,19,W1,Medium,Medium,No,1,2,3,3,0,3,4,3,4,None,NA,,,,,,,,,,Yes,Yes
725,21,B1,High,High,No,5,5,4,4,4,5,6,5,30,None,NA,,,,,,,,,,Yes,Yes
726,23,W2,High,High,Yes,6,3,4,4,4,5,8,7,27,izon,Yes,9.89190974,14.71119175,10.45329364,12.57920208,8.225628315,11.14850521,10.3390129,10.85962458,Yes,Yes,Yes
727,19,L1,Medium,Medium,No,2,4,4,3,2,4,3,2,4,izon,No,13.13406173,,10.42095712,,7.346542815,,6.239327913,,,Yes,Yes
728,22,E2,Medium,Medium,No,3,5,4,3,2,5,5,5,22,None,NA,,,,,,,,,,Yes,Yes
729,22,E2,Vhigh,Vhigh,Yes,9,9,6,4,7,6,8,5,47,izon,Yes,10.5086995,13.08078162,10.33825435,12.57073224,10.56857169,10.68724627,11.31973468,11.19661137,No,Yes,Yes
730,19,B1,Medium,Medium,No,5,3,3,3,4,4,5,4,30,izon,No,10.32928371,,10.18373693,,7.271456119,,6.881706666,,,Yes,Yes
731,18,E1,Medium,Medium,No,3,3,2,3,2,4,4,3,1,None,NA,,,,,,,,,,Yes,Yes
732,20,W1,Medium,Medium,Yes,4,4,3,2,3,4,8,3,10,None,NA,,,,,,,,,,Yes,Yes
733,25,B2,Vhigh,Vhigh,Yes,9,7,5,5,9,5,8,6,36,None,NA,,,,,,,,,,Yes,Yes
734,22,B2,Medium,Medium,Yes,6,3,2,2,4,4,6,3,26,None,NA,,,,,,,,,,Yes,Yes
735,23,W1,Medium,Medium,No,3,3,3,3,4,6,4,3,24,izon,Yes,9.711607324,12.44227123,12.73029755,13.17014189,9.836201351,9.840282408,10.72654559,9.687569378,No,Yes,Yes
736,21,A1,Low,Low,No,0,1,1,1,1,2,2,1,8,izon,Yes,10.42078743,12.61357361,8.865024252,13.94145054,11.10993345,10.19881082,10.8217502,10.55708909,Yes,Yes,Yes
737,20,W1,Vhigh,Vhigh,Yes,8,9,5,5,6,6,9,6,38,None,NA,,,,,,,,,,Yes,Yes
738,24,A1,Low,Low,No,1,1,1,0,1,2,1,1,13,None,NA,,,,,,,,,,Yes,Yes
739,25,A1,High,High,Yes,5,7,5,3,5,4,7,4,23,None,NA,,,,,,,,,,Yes,Yes
740,24,B2,Medium,Medium,No,3,3,2,5,0,5,3,1,24,None,NA,,,,,,,,,,Yes,Yes
741,25,E1,Medium,Medium,No,4,3,2,1,2,4,3,3,15,izon,No,11.67617283,,9.098007047,,8.516425975,,5.854380424,,,Yes,Yes
742,24,L2,Medium,Medium,No,6,3,3,2,3,3,3,3,21,izon,No,10.43119409,,11.3780694,,7.825889928,,7.243606996,,,Yes,Yes
743,21,L1,Medium,Medium,Yes,3,1,4,5,1,4,3,4,10,izon,Yes,9.803237193,13.1812205,8.637556665,11.57345336,9.284294129,8.459223121,10.0496695,9.543439925,No,Yes,Yes
744,20,A1,Medium,Medium,No,3,1,2,3,3,4,5,2,34,izon,No,9.727623404,,10.46388888,,8.170348999,,5.766453237,,,Yes,Yes
745,22,B2,Vhigh,Vhigh,Yes,10,10,5,6,7,6,6,6,36,izon,No,10.38709414,,10.39335458,,8.524630268,,7.716773279,,,Yes,Yes
746,22,W1,Medium,Medium,Yes,6,2,3,4,0,3,5,4,26,None,NA,,,,,,,,,,Yes,Yes
747,18,W1,High,High,Yes,7,5,4,3,4,6,6,4,14,izon,No,9.532192422,,10.21582259,,8.542103535,,6.564773093,,,Yes,Yes
748,23,L2,Medium,Medium,No,4,5,3,3,1,4,3,2,15,izon,No,10.40497028,,10.8754238,,7.106620764,,6.029772376,,,Yes,Yes
749,25,A1,Vhigh,Vhigh,Yes,10,8,5,6,7,8,7,6,42,None,NA,,,,,,,,,,Yes,Yes
750,24,B1,Medium,Medium,No,3,3,4,3,2,5,4,4,4,None,NA,,,,,,,,,,Yes,Yes
